Blender 4.5.9 LTS (hash 8bf95cbd38d1 built 2026-04-21 01:33:45)
Fra:1 Mem:52.06M (Peak 52.32M) | Time:00:00.19 | Mem:0.00M, Peak:0.00M | Scene, ViewLayer | Synchronizing object | Foundation
Fra:1 Mem:52.06M (Peak 52.32M) | Time:00:00.19 | Mem:0.00M, Peak:0.00M | Scene, ViewLayer | Synchronizing object | Individual limestone flag
Fra:1 Mem:52.07M (Peak 52.32M) | Time:00:00.19 | Mem:0.00M, Peak:0.00M | Scene, ViewLayer | Synchronizing object | Individual limestone flag.001
Fra:1 Mem:52.08M (Peak 52.32M) | Time:00:00.19 | Mem:0.00M, Peak:0.00M | Scene, ViewLayer | Synchronizing object | Individual limestone flag.003
Fra:1 Mem:54.08M (Peak 54.08M) | Time:00:00.19 | Mem:0.00M, Peak:0.00M | Scene, ViewLayer | Synchronizing object | Individual limestone flag.005
Fra:1 Mem:54.08M (Peak 54.08M) | Time:00:00.19 | Mem:0.00M, Peak:0.00M | Scene, ViewLayer | Synchronizing object | Individual limestone flag.006
Fra:1 Mem:54.09M (Peak 54.09M) | Time:00:00.19 | Mem:0.00M, Peak:0.00M | Scene, ViewLayer | Synchronizing object | Individual limestone flag.007
Fra:1 Mem:54.37M (Peak 54.37M) | Time:00:00.19 | Mem:0.00M, Peak:0.00M | Scene, ViewLayer | Synchronizing object | Individual limestone flag.008
Fra:1 Mem:54.36M (Peak 54.37M) | Time:00:00.19 | Mem:0.00M, Peak:0.00M | Scene, ViewLayer | Synchronizing object | Individual limestone flag.010
Fra:1 Mem:54.39M (Peak 54.39M) | Time:00:00.19 | Mem:0.00M, Peak:0.00M | Scene, ViewLayer | Synchronizing object | Individual limestone flag.011
Fra:1 Mem:54.45M (Peak 54.45M) | Time:00:00.19 | Mem:0.00M, Peak:0.00M | Scene, ViewLayer | Synchronizing object | Individual limestone flag.012
Fra:1 Mem:54.48M (Peak 54.48M) | Time:00:00.19 | Mem:0.00M, Peak:0.00M | Scene, ViewLayer | Synchronizing object | Individual limestone flag.013
Fra:1 Mem:54.47M (Peak 54.48M) | Time:00:00.19 | Mem:0.00M, Peak:0.00M | Scene, ViewLayer | Synchronizing object | Individual limestone flag.014
Fra:1 Mem:54.52M (Peak 54.52M) | Time:00:00.19 | Mem:0.00M, Peak:0.00M | Scene, ViewLayer | Synchronizing object | Individual limestone flag.015
Fra:1 Mem:54.57M (Peak 54.57M) | Time:00:00.19 | Mem:0.00M, Peak:0.00M | Scene, ViewLayer | Synchronizing object | Individual limestone flag.016
Fra:1 Mem:54.55M (Peak 54.57M) | Time:00:00.19 | Mem:0.00M, Peak:0.00M | Scene, ViewLayer | Synchronizing object | Individual limestone flag.018
Fra:1 Mem:54.56M (Peak 54.57M) | Time:00:00.19 | Mem:0.00M, Peak:0.00M | Scene, ViewLayer | Synchronizing object | Individual limestone flag.020
Fra:1 Mem:54.58M (Peak 54.58M) | Time:00:00.19 | Mem:0.00M, Peak:0.00M | Scene, ViewLayer | Synchronizing object | Individual limestone flag.021
Fra:1 Mem:54.67M (Peak 54.67M) | Time:00:00.19 | Mem:0.00M, Peak:0.00M | Scene, ViewLayer | Synchronizing object | Individual limestone flag.022
Fra:1 Mem:54.65M (Peak 54.67M) | Time:00:00.19 | Mem:0.00M, Peak:0.00M | Scene, ViewLayer | Synchronizing object | Individual limestone flag.023
Fra:1 Mem:54.71M (Peak 54.71M) | Time:00:00.19 | Mem:0.00M, Peak:0.00M | Scene, ViewLayer | Synchronizing object | Individual limestone flag.024
Fra:1 Mem:54.75M (Peak 54.75M) | Time:00:00.19 | Mem:0.00M, Peak:0.00M | Scene, ViewLayer | Synchronizing object | Individual limestone flag.025
Fra:1 Mem:54.76M (Peak 54.76M) | Time:00:00.19 | Mem:0.00M, Peak:0.00M | Scene, ViewLayer | Synchronizing object | Individual limestone flag.026
Fra:1 Mem:54.77M (Peak 54.77M) | Time:00:00.19 | Mem:0.00M, Peak:0.00M | Scene, ViewLayer | Synchronizing object | Individual limestone flag.027
Fra:1 Mem:54.80M (Peak 54.80M) | Time:00:00.19 | Mem:0.00M, Peak:0.00M | Scene, ViewLayer | Synchronizing object | Individual limestone flag.028
Fra:1 Mem:54.83M (Peak 54.83M) | Time:00:00.19 | Mem:0.00M, Peak:0.00M | Scene, ViewLayer | Synchronizing object | Individual limestone flag.029
Fra:1 Mem:54.82M (Peak 54.83M) | Time:00:00.19 | Mem:0.00M, Peak:0.00M | Scene, ViewLayer | Synchronizing object | Individual limestone flag.030
Fra:1 Mem:54.86M (Peak 54.86M) | Time:00:00.19 | Mem:0.00M, Peak:0.00M | Scene, ViewLayer | Synchronizing object | Individual limestone flag.031
Fra:1 Mem:54.91M (Peak 54.91M) | Time:00:00.19 | Mem:0.00M, Peak:0.00M | Scene, ViewLayer | Synchronizing object | Individual limestone flag.032
Fra:1 Mem:54.88M (Peak 54.91M) | Time:00:00.19 | Mem:0.00M, Peak:0.00M | Scene, ViewLayer | Synchronizing object | Individual limestone flag.033
Fra:1 Mem:54.96M (Peak 54.96M) | Time:00:00.19 | Mem:0.00M, Peak:0.00M | Scene, ViewLayer | Synchronizing object | Individual limestone flag.034
Fra:1 Mem:54.99M (Peak 54.99M) | Time:00:00.19 | Mem:0.00M, Peak:0.00M | Scene, ViewLayer | Synchronizing object | Individual limestone flag.035
Fra:1 Mem:55.03M (Peak 55.03M) | Time:00:00.19 | Mem:0.00M, Peak:0.00M | Scene, ViewLayer | Synchronizing object | Individual limestone flag.036
Fra:1 Mem:55.00M (Peak 55.03M) | Time:00:00.19 | Mem:0.00M, Peak:0.00M | Scene, ViewLayer | Synchronizing object | Individual limestone flag.039
Fra:1 Mem:55.01M (Peak 55.03M) | Time:00:00.19 | Mem:0.00M, Peak:0.00M | Scene, ViewLayer | Synchronizing object | Individual limestone flag.040
Fra:1 Mem:55.11M (Peak 55.11M) | Time:00:00.19 | Mem:0.00M, Peak:0.00M | Scene, ViewLayer | Synchronizing object | Individual limestone flag.041
Fra:1 Mem:55.14M (Peak 55.14M) | Time:00:00.19 | Mem:0.00M, Peak:0.00M | Scene, ViewLayer | Synchronizing object | Individual limestone flag.042
Fra:1 Mem:55.15M (Peak 55.15M) | Time:00:00.19 | Mem:0.00M, Peak:0.00M | Scene, ViewLayer | Synchronizing object | Individual limestone flag.043
Fra:1 Mem:55.21M (Peak 55.21M) | Time:00:00.19 | Mem:0.00M, Peak:0.00M | Scene, ViewLayer | Synchronizing object | Individual limestone flag.044
Fra:1 Mem:55.21M (Peak 55.21M) | Time:00:00.19 | Mem:0.00M, Peak:0.00M | Scene, ViewLayer | Synchronizing object | Individual limestone flag.045
Fra:1 Mem:55.24M (Peak 55.24M) | Time:00:00.19 | Mem:0.00M, Peak:0.00M | Scene, ViewLayer | Synchronizing object | Individual limestone flag.046
Fra:1 Mem:55.33M (Peak 55.33M) | Time:00:00.19 | Mem:0.00M, Peak:0.00M | Scene, ViewLayer | Synchronizing object | Individual limestone flag.047
Fra:1 Mem:55.30M (Peak 55.33M) | Time:00:00.19 | Mem:0.00M, Peak:0.00M | Scene, ViewLayer | Synchronizing object | Individual limestone flag.048
Fra:1 Mem:55.26M (Peak 55.33M) | Time:00:00.19 | Mem:0.00M, Peak:0.00M | Scene, ViewLayer | Synchronizing object | Individual limestone flag.051
Fra:1 Mem:55.27M (Peak 55.33M) | Time:00:00.19 | Mem:0.00M, Peak:0.00M | Scene, ViewLayer | Synchronizing object | Individual limestone flag.052
Fra:1 Mem:55.35M (Peak 55.35M) | Time:00:00.19 | Mem:0.00M, Peak:0.00M | Scene, ViewLayer | Synchronizing object | Individual limestone flag.053
Fra:1 Mem:55.38M (Peak 55.38M) | Time:00:00.19 | Mem:0.00M, Peak:0.00M | Scene, ViewLayer | Synchronizing object | Individual limestone flag.054
Fra:1 Mem:55.45M (Peak 55.45M) | Time:00:00.19 | Mem:0.00M, Peak:0.00M | Scene, ViewLayer | Synchronizing object | Individual limestone flag.055
Fra:1 Mem:55.47M (Peak 55.47M) | Time:00:00.19 | Mem:0.00M, Peak:0.00M | Scene, ViewLayer | Synchronizing object | Individual limestone flag.058
Fra:1 Mem:55.48M (Peak 55.48M) | Time:00:00.19 | Mem:0.00M, Peak:0.00M | Scene, ViewLayer | Synchronizing object | Individual limestone flag.059
Fra:1 Mem:55.52M (Peak 55.52M) | Time:00:00.19 | Mem:0.00M, Peak:0.00M | Scene, ViewLayer | Synchronizing object | Individual limestone flag.060
Fra:1 Mem:55.52M (Peak 55.52M) | Time:00:00.19 | Mem:0.00M, Peak:0.00M | Scene, ViewLayer | Synchronizing object | Individual limestone flag.061
Fra:1 Mem:55.65M (Peak 55.65M) | Time:00:00.19 | Mem:0.00M, Peak:0.00M | Scene, ViewLayer | Synchronizing object | Individual limestone flag.062
Fra:1 Mem:55.64M (Peak 55.65M) | Time:00:00.19 | Mem:0.00M, Peak:0.00M | Scene, ViewLayer | Synchronizing object | Individual limestone flag.063
Fra:1 Mem:55.67M (Peak 55.67M) | Time:00:00.19 | Mem:0.00M, Peak:0.00M | Scene, ViewLayer | Synchronizing object | Individual limestone flag.064
Fra:1 Mem:55.69M (Peak 55.69M) | Time:00:00.19 | Mem:0.00M, Peak:0.00M | Scene, ViewLayer | Synchronizing object | Individual limestone flag.065
Fra:1 Mem:55.69M (Peak 55.69M) | Time:00:00.19 | Mem:0.00M, Peak:0.00M | Scene, ViewLayer | Synchronizing object | Individual limestone flag.066
Fra:1 Mem:55.76M (Peak 55.76M) | Time:00:00.19 | Mem:0.00M, Peak:0.00M | Scene, ViewLayer | Synchronizing object | Individual limestone flag.067
Fra:1 Mem:55.75M (Peak 55.76M) | Time:00:00.19 | Mem:0.00M, Peak:0.00M | Scene, ViewLayer | Synchronizing object | Individual limestone flag.068
Fra:1 Mem:55.74M (Peak 55.76M) | Time:00:00.19 | Mem:0.00M, Peak:0.00M | Scene, ViewLayer | Synchronizing object | Individual limestone flag.069
Fra:1 Mem:55.77M (Peak 55.77M) | Time:00:00.19 | Mem:0.00M, Peak:0.00M | Scene, ViewLayer | Synchronizing object | Individual limestone flag.070
Fra:1 Mem:55.77M (Peak 55.77M) | Time:00:00.19 | Mem:0.00M, Peak:0.00M | Scene, ViewLayer | Synchronizing object | Individual limestone flag.071
Fra:1 Mem:55.79M (Peak 55.79M) | Time:00:00.19 | Mem:0.00M, Peak:0.00M | Scene, ViewLayer | Synchronizing object | Individual limestone flag.072
Fra:1 Mem:55.86M (Peak 55.86M) | Time:00:00.19 | Mem:0.00M, Peak:0.00M | Scene, ViewLayer | Synchronizing object | Individual limestone flag.073
Fra:1 Mem:55.90M (Peak 55.90M) | Time:00:00.19 | Mem:0.00M, Peak:0.00M | Scene, ViewLayer | Synchronizing object | Individual limestone flag.074
Fra:1 Mem:55.93M (Peak 55.93M) | Time:00:00.19 | Mem:0.00M, Peak:0.00M | Scene, ViewLayer | Synchronizing object | Individual limestone flag.075
Fra:1 Mem:55.96M (Peak 55.96M) | Time:00:00.19 | Mem:0.00M, Peak:0.00M | Scene, ViewLayer | Synchronizing object | Individual limestone flag.076
Fra:1 Mem:55.93M (Peak 55.96M) | Time:00:00.19 | Mem:0.00M, Peak:0.00M | Scene, ViewLayer | Synchronizing object | Individual limestone flag.078
Fra:1 Mem:56.00M (Peak 56.00M) | Time:00:00.19 | Mem:0.00M, Peak:0.00M | Scene, ViewLayer | Synchronizing object | Fine worn joint
Fra:1 Mem:56.05M (Peak 56.05M) | Time:00:00.19 | Mem:0.00M, Peak:0.00M | Scene, ViewLayer | Synchronizing object | Individual limestone flag.079
Fra:1 Mem:56.02M (Peak 56.05M) | Time:00:00.19 | Mem:0.00M, Peak:0.00M | Scene, ViewLayer | Synchronizing object | Individual limestone flag.080
Fra:1 Mem:56.08M (Peak 56.08M) | Time:00:00.19 | Mem:0.00M, Peak:0.00M | Scene, ViewLayer | Synchronizing object | Fine worn joint.001
Fra:1 Mem:56.06M (Peak 56.08M) | Time:00:00.19 | Mem:0.00M, Peak:0.00M | Scene, ViewLayer | Synchronizing object | Fine worn joint.002
Fra:1 Mem:56.08M (Peak 56.08M) | Time:00:00.19 | Mem:0.00M, Peak:0.00M | Scene, ViewLayer | Synchronizing object | Individual limestone flag.082
Fra:1 Mem:56.07M (Peak 56.08M) | Time:00:00.19 | Mem:0.00M, Peak:0.00M | Scene, ViewLayer | Synchronizing object | Fine worn joint.003
Fra:1 Mem:56.15M (Peak 56.15M) | Time:00:00.19 | Mem:0.00M, Peak:0.00M | Scene, ViewLayer | Synchronizing object | Individual limestone flag.083
Fra:1 Mem:56.11M (Peak 56.15M) | Time:00:00.19 | Mem:0.00M, Peak:0.00M | Scene, ViewLayer | Synchronizing object | Individual limestone flag.085
Fra:1 Mem:56.13M (Peak 56.15M) | Time:00:00.19 | Mem:0.00M, Peak:0.00M | Scene, ViewLayer | Synchronizing object | Fine worn joint.004
Fra:1 Mem:56.21M (Peak 56.21M) | Time:00:00.19 | Mem:0.00M, Peak:0.00M | Scene, ViewLayer | Synchronizing object | Fine worn joint.005
Fra:1 Mem:56.21M (Peak 56.21M) | Time:00:00.19 | Mem:0.00M, Peak:0.00M | Scene, ViewLayer | Synchronizing object | Individual limestone flag.086
Fra:1 Mem:56.20M (Peak 56.21M) | Time:00:00.19 | Mem:0.00M, Peak:0.00M | Scene, ViewLayer | Synchronizing object | Chair-shaped dent
Fra:1 Mem:56.22M (Peak 56.22M) | Time:00:00.19 | Mem:0.00M, Peak:0.00M | Scene, ViewLayer | Synchronizing object | Individual limestone flag.087
Fra:1 Mem:56.22M (Peak 56.22M) | Time:00:00.19 | Mem:0.00M, Peak:0.00M | Scene, ViewLayer | Synchronizing object | Individual limestone flag.089
Fra:1 Mem:56.21M (Peak 56.22M) | Time:00:00.19 | Mem:0.00M, Peak:0.00M | Scene, ViewLayer | Synchronizing object | Individual limestone flag.092
Fra:1 Mem:56.27M (Peak 56.27M) | Time:00:00.19 | Mem:0.00M, Peak:0.00M | Scene, ViewLayer | Synchronizing object | Individual limestone flag.093
Fra:1 Mem:56.38M (Peak 56.38M) | Time:00:00.19 | Mem:0.00M, Peak:0.00M | Scene, ViewLayer | Synchronizing object | Individual limestone flag.094
Fra:1 Mem:56.44M (Peak 56.44M) | Time:00:00.19 | Mem:0.00M, Peak:0.00M | Scene, ViewLayer | Synchronizing object | Wheel spoke
Fra:1 Mem:56.41M (Peak 56.44M) | Time:00:00.19 | Mem:0.00M, Peak:0.00M | Scene, ViewLayer | Synchronizing object | Individual limestone flag.095
Fra:1 Mem:56.41M (Peak 56.44M) | Time:00:00.19 | Mem:0.00M, Peak:0.00M | Scene, ViewLayer | Synchronizing object | North ashlar
Fra:1 Mem:56.42M (Peak 56.44M) | Time:00:00.19 | Mem:0.00M, Peak:0.00M | Scene, ViewLayer | Synchronizing object | Wheel spoke.001
Fra:1 Mem:56.47M (Peak 56.47M) | Time:00:00.19 | Mem:0.00M, Peak:0.00M | Scene, ViewLayer | Synchronizing object | Wheel spoke.002
Fra:1 Mem:56.50M (Peak 56.50M) | Time:00:00.19 | Mem:0.00M, Peak:0.00M | Scene, ViewLayer | Synchronizing object | North ashlar.002
Fra:1 Mem:56.46M (Peak 56.50M) | Time:00:00.19 | Mem:0.00M, Peak:0.00M | Scene, ViewLayer | Synchronizing object | North ashlar.004
Fra:1 Mem:56.50M (Peak 56.50M) | Time:00:00.19 | Mem:0.00M, Peak:0.00M | Scene, ViewLayer | Synchronizing object | Wheel spoke.003
Fra:1 Mem:56.57M (Peak 56.57M) | Time:00:00.19 | Mem:0.00M, Peak:0.00M | Scene, ViewLayer | Synchronizing object | North ashlar.005
Fra:1 Mem:56.56M (Peak 56.57M) | Time:00:00.19 | Mem:0.00M, Peak:0.00M | Scene, ViewLayer | Synchronizing object | North ashlar.006
Fra:1 Mem:56.58M (Peak 56.58M) | Time:00:00.19 | Mem:0.00M, Peak:0.00M | Scene, ViewLayer | Synchronizing object | Speaking tube rising conduit
Fra:1 Mem:56.63M (Peak 56.63M) | Time:00:00.19 | Mem:0.00M, Peak:0.00M | Scene, ViewLayer | Synchronizing object | Umbrella hooked handle
Fra:1 Mem:56.65M (Peak 56.65M) | Time:00:00.19 | Mem:0.00M, Peak:0.00M | Scene, ViewLayer | Synchronizing object | North ashlar.007
Fra:1 Mem:56.61M (Peak 56.65M) | Time:00:00.19 | Mem:0.00M, Peak:0.00M | Scene, ViewLayer | Synchronizing object | North ashlar.008
Fra:1 Mem:56.67M (Peak 56.67M) | Time:00:00.19 | Mem:0.00M, Peak:0.00M | Scene, ViewLayer | Synchronizing object | West ashlar
Fra:1 Mem:56.67M (Peak 56.67M) | Time:00:00.19 | Mem:0.00M, Peak:0.00M | Scene, ViewLayer | Synchronizing object | West ashlar.002
Fra:1 Mem:56.69M (Peak 56.69M) | Time:00:00.19 | Mem:0.00M, Peak:0.00M | Scene, ViewLayer | Synchronizing object | West ashlar.003
Fra:1 Mem:56.70M (Peak 56.70M) | Time:00:00.19 | Mem:0.00M, Peak:0.00M | Scene, ViewLayer | Synchronizing object | Umbrella hooked handle.002
Fra:1 Mem:56.74M (Peak 56.74M) | Time:00:00.19 | Mem:0.00M, Peak:0.00M | Scene, ViewLayer | Synchronizing object | North ashlar.009
Fra:1 Mem:56.81M (Peak 56.81M) | Time:00:00.19 | Mem:0.00M, Peak:0.00M | Scene, ViewLayer | Synchronizing object | North ashlar.010
Fra:1 Mem:56.80M (Peak 56.81M) | Time:00:00.19 | Mem:0.00M, Peak:0.00M | Scene, ViewLayer | Synchronizing object | Umbrella hooked handle.003
Fra:1 Mem:56.86M (Peak 56.86M) | Time:00:00.19 | Mem:0.00M, Peak:0.00M | Scene, ViewLayer | Synchronizing object | Woven mat stitch
Fra:1 Mem:56.82M (Peak 56.86M) | Time:00:00.19 | Mem:0.00M, Peak:0.00M | Scene, ViewLayer | Synchronizing object | North ashlar.011
Fra:1 Mem:56.84M (Peak 56.86M) | Time:00:00.19 | Mem:0.00M, Peak:0.00M | Scene, ViewLayer | Synchronizing object | North ashlar.013
Fra:1 Mem:56.86M (Peak 56.86M) | Time:00:00.19 | Mem:0.00M, Peak:0.00M | Scene, ViewLayer | Synchronizing object | Woven mat stitch.001
Fra:1 Mem:56.89M (Peak 56.89M) | Time:00:00.19 | Mem:0.00M, Peak:0.00M | Scene, ViewLayer | Synchronizing object | North ashlar.014
Fra:1 Mem:56.89M (Peak 56.89M) | Time:00:00.19 | Mem:0.00M, Peak:0.00M | Scene, ViewLayer | Synchronizing object | North ashlar.015
Fra:1 Mem:56.91M (Peak 56.91M) | Time:00:00.19 | Mem:0.00M, Peak:0.00M | Scene, ViewLayer | Synchronizing object | Woven mat stitch.002
Fra:1 Mem:56.99M (Peak 56.99M) | Time:00:00.19 | Mem:0.00M, Peak:0.00M | Scene, ViewLayer | Synchronizing object | Woven mat stitch.003
Fra:1 Mem:56.98M (Peak 56.99M) | Time:00:00.19 | Mem:0.00M, Peak:0.00M | Scene, ViewLayer | Synchronizing object | North ashlar.017
Fra:1 Mem:56.98M (Peak 56.99M) | Time:00:00.19 | Mem:0.00M, Peak:0.00M | Scene, ViewLayer | Synchronizing object | West ashlar.004
Fra:1 Mem:57.01M (Peak 57.01M) | Time:00:00.19 | Mem:0.00M, Peak:0.00M | Scene, ViewLayer | Synchronizing object | Woven mat stitch.004
Fra:1 Mem:57.02M (Peak 57.02M) | Time:00:00.19 | Mem:0.00M, Peak:0.00M | Scene, ViewLayer | Synchronizing object | West ashlar.006
Fra:1 Mem:57.04M (Peak 57.04M) | Time:00:00.19 | Mem:0.00M, Peak:0.00M | Scene, ViewLayer | Synchronizing object | West ashlar.007
Fra:1 Mem:57.05M (Peak 57.05M) | Time:00:00.19 | Mem:0.00M, Peak:0.00M | Scene, ViewLayer | Synchronizing object | North ashlar.018
Fra:1 Mem:57.12M (Peak 57.12M) | Time:00:00.19 | Mem:0.00M, Peak:0.00M | Scene, ViewLayer | Synchronizing object | Woven mat stitch.005
Fra:1 Mem:57.13M (Peak 57.13M) | Time:00:00.19 | Mem:0.00M, Peak:0.00M | Scene, ViewLayer | Synchronizing object | Woven mat stitch.006
Fra:1 Mem:57.15M (Peak 57.15M) | Time:00:00.19 | Mem:0.00M, Peak:0.00M | Scene, ViewLayer | Synchronizing object | North ashlar.019
Fra:1 Mem:57.13M (Peak 57.15M) | Time:00:00.19 | Mem:0.00M, Peak:0.00M | Scene, ViewLayer | Synchronizing object | Woven mat stitch.007
Fra:1 Mem:57.14M (Peak 57.15M) | Time:00:00.19 | Mem:0.00M, Peak:0.00M | Scene, ViewLayer | Synchronizing object | North ashlar.020
Fra:1 Mem:57.16M (Peak 57.16M) | Time:00:00.19 | Mem:0.00M, Peak:0.00M | Scene, ViewLayer | Synchronizing object | North ashlar.022
Fra:1 Mem:57.17M (Peak 57.17M) | Time:00:00.19 | Mem:0.00M, Peak:0.00M | Scene, ViewLayer | Synchronizing object | Woven mat stitch.008
Fra:1 Mem:57.23M (Peak 57.23M) | Time:00:00.19 | Mem:0.00M, Peak:0.00M | Scene, ViewLayer | Synchronizing object | Woven mat stitch.009
Fra:1 Mem:57.20M (Peak 57.23M) | Time:00:00.19 | Mem:0.00M, Peak:0.00M | Scene, ViewLayer | Synchronizing object | Woven mat stitch.010
Fra:1 Mem:57.22M (Peak 57.23M) | Time:00:00.19 | Mem:0.00M, Peak:0.00M | Scene, ViewLayer | Synchronizing object | North ashlar.023
Fra:1 Mem:57.20M (Peak 57.23M) | Time:00:00.19 | Mem:0.00M, Peak:0.00M | Scene, ViewLayer | Synchronizing object | Woven mat stitch.011
Fra:1 Mem:57.21M (Peak 57.23M) | Time:00:00.19 | Mem:0.00M, Peak:0.00M | Scene, ViewLayer | Synchronizing object | North ashlar.025
Fra:1 Mem:57.21M (Peak 57.23M) | Time:00:00.19 | Mem:0.00M, Peak:0.00M | Scene, ViewLayer | Synchronizing object | Woven mat stitch.012
Fra:1 Mem:57.30M (Peak 57.30M) | Time:00:00.19 | Mem:0.00M, Peak:0.00M | Scene, ViewLayer | Synchronizing object | Woven mat stitch.013
Fra:1 Mem:57.25M (Peak 57.30M) | Time:00:00.19 | Mem:0.00M, Peak:0.00M | Scene, ViewLayer | Synchronizing object | Woven mat stitch.014
Fra:1 Mem:57.26M (Peak 57.30M) | Time:00:00.19 | Mem:0.00M, Peak:0.00M | Scene, ViewLayer | Synchronizing object | North ashlar.026
Fra:1 Mem:57.27M (Peak 57.30M) | Time:00:00.19 | Mem:0.00M, Peak:0.00M | Scene, ViewLayer | Synchronizing object | West ashlar.008
Fra:1 Mem:57.28M (Peak 57.30M) | Time:00:00.19 | Mem:0.00M, Peak:0.00M | Scene, ViewLayer | Synchronizing object | West ashlar.010
Fra:1 Mem:57.30M (Peak 57.30M) | Time:00:00.19 | Mem:0.00M, Peak:0.00M | Scene, ViewLayer | Synchronizing object | Soft ceiling bounce
Fra:1 Mem:57.33M (Peak 57.33M) | Time:00:00.19 | Mem:0.00M, Peak:0.00M | Scene, ViewLayer | Synchronizing object | Cool coastal fill
Fra:1 Mem:57.34M (Peak 57.34M) | Time:00:00.19 | Mem:0.00M, Peak:0.00M | Scene, ViewLayer | Synchronizing object | Warm maintenance lamp.001
Fra:1 Mem:57.32M (Peak 57.34M) | Time:00:00.19 | Mem:0.00M, Peak:0.00M | Scene, ViewLayer | Synchronizing object | Warm maintenance lamp
Fra:1 Mem:57.33M (Peak 57.34M) | Time:00:00.19 | Mem:0.00M, Peak:0.00M | Scene, ViewLayer | Synchronizing object | Presentation ground
Fra:1 Mem:57.33M (Peak 57.34M) | Time:00:00.19 | Mem:0.00M, Peak:0.00M | Scene, ViewLayer | Synchronizing object | Lantern cage.007
Fra:1 Mem:57.34M (Peak 57.34M) | Time:00:00.19 | Mem:0.00M, Peak:0.00M | Scene, ViewLayer | Synchronizing object | West ashlar.011
Fra:1 Mem:57.37M (Peak 57.37M) | Time:00:00.19 | Mem:0.00M, Peak:0.00M | Scene, ViewLayer | Synchronizing object | Lantern cage.006
Fra:1 Mem:57.38M (Peak 57.38M) | Time:00:00.19 | Mem:0.00M, Peak:0.00M | Scene, ViewLayer | Synchronizing object | North ashlar.027
Fra:1 Mem:57.45M (Peak 57.45M) | Time:00:00.19 | Mem:0.00M, Peak:0.00M | Scene, ViewLayer | Synchronizing object | Lantern cage.005
Fra:1 Mem:57.47M (Peak 57.47M) | Time:00:00.19 | Mem:0.00M, Peak:0.00M | Scene, ViewLayer | Synchronizing object | Lantern cage.004
Fra:1 Mem:57.45M (Peak 57.47M) | Time:00:00.19 | Mem:0.00M, Peak:0.00M | Scene, ViewLayer | Synchronizing object | North ashlar.028
Fra:1 Mem:57.47M (Peak 57.47M) | Time:00:00.19 | Mem:0.00M, Peak:0.00M | Scene, ViewLayer | Synchronizing object | Lantern cap.001
Fra:1 Mem:57.48M (Peak 57.49M) | Time:00:00.19 | Mem:0.00M, Peak:0.00M | Scene, ViewLayer | Synchronizing object | North ashlar.029
Fra:1 Mem:57.51M (Peak 57.51M) | Time:00:00.19 | Mem:0.00M, Peak:0.00M | Scene, ViewLayer | Synchronizing object | North ashlar.030
Fra:1 Mem:57.57M (Peak 57.57M) | Time:00:00.19 | Mem:0.00M, Peak:0.00M | Scene, ViewLayer | Synchronizing object | Lantern glass.001
Fra:1 Mem:57.59M (Peak 57.59M) | Time:00:00.19 | Mem:0.00M, Peak:0.00M | Scene, ViewLayer | Synchronizing object | North ashlar.031
Fra:1 Mem:57.65M (Peak 57.65M) | Time:00:00.19 | Mem:0.00M, Peak:0.00M | Scene, ViewLayer | Synchronizing object | Lantern base.001
Fra:1 Mem:57.64M (Peak 57.65M) | Time:00:00.19 | Mem:0.00M, Peak:0.00M | Scene, ViewLayer | Synchronizing object | North ashlar.032
Fra:1 Mem:57.65M (Peak 57.65M) | Time:00:00.19 | Mem:0.00M, Peak:0.00M | Scene, ViewLayer | Synchronizing object | North ashlar.033
Fra:1 Mem:57.71M (Peak 57.71M) | Time:00:00.19 | Mem:0.00M, Peak:0.00M | Scene, ViewLayer | Synchronizing object | Sconce bracket.001
Fra:1 Mem:57.71M (Peak 57.71M) | Time:00:00.19 | Mem:0.00M, Peak:0.00M | Scene, ViewLayer | Synchronizing object | North ashlar.034
Fra:1 Mem:57.78M (Peak 57.78M) | Time:00:00.19 | Mem:0.00M, Peak:0.00M | Scene, ViewLayer | Synchronizing object | North ashlar.035
Fra:1 Mem:57.78M (Peak 57.78M) | Time:00:00.19 | Mem:0.00M, Peak:0.00M | Scene, ViewLayer | Synchronizing object | West ashlar.012
Fra:1 Mem:57.82M (Peak 57.82M) | Time:00:00.19 | Mem:0.00M, Peak:0.00M | Scene, ViewLayer | Synchronizing object | West ashlar.013
Fra:1 Mem:57.82M (Peak 57.82M) | Time:00:00.19 | Mem:0.00M, Peak:0.00M | Scene, ViewLayer | Synchronizing object | West ashlar.015
Fra:1 Mem:57.88M (Peak 57.88M) | Time:00:00.19 | Mem:0.00M, Peak:0.00M | Scene, ViewLayer | Synchronizing object | North ashlar.036
Fra:1 Mem:57.90M (Peak 57.90M) | Time:00:00.19 | Mem:0.00M, Peak:0.00M | Scene, ViewLayer | Synchronizing object | North ashlar.037
Fra:1 Mem:57.91M (Peak 57.91M) | Time:00:00.19 | Mem:0.00M, Peak:0.00M | Scene, ViewLayer | Synchronizing object | Lantern cage.002
Fra:1 Mem:57.95M (Peak 57.95M) | Time:00:00.19 | Mem:0.00M, Peak:0.00M | Scene, ViewLayer | Synchronizing object | Lantern cage.001
Fra:1 Mem:57.96M (Peak 57.96M) | Time:00:00.19 | Mem:0.00M, Peak:0.00M | Scene, ViewLayer | Synchronizing object | North ashlar.038
Fra:1 Mem:57.95M (Peak 57.96M) | Time:00:00.19 | Mem:0.00M, Peak:0.00M | Scene, ViewLayer | Synchronizing object | Lantern cage
Fra:1 Mem:57.95M (Peak 57.96M) | Time:00:00.19 | Mem:0.00M, Peak:0.00M | Scene, ViewLayer | Synchronizing object | North ashlar.040
Fra:1 Mem:58.00M (Peak 58.00M) | Time:00:00.19 | Mem:0.00M, Peak:0.00M | Scene, ViewLayer | Synchronizing object | Lantern cap
Fra:1 Mem:58.08M (Peak 58.08M) | Time:00:00.19 | Mem:0.00M, Peak:0.00M | Scene, ViewLayer | Synchronizing object | North ashlar.041
Fra:1 Mem:58.08M (Peak 58.08M) | Time:00:00.19 | Mem:0.00M, Peak:0.00M | Scene, ViewLayer | Synchronizing object | Lantern glass
Fra:1 Mem:58.10M (Peak 58.10M) | Time:00:00.19 | Mem:0.00M, Peak:0.00M | Scene, ViewLayer | Synchronizing object | North ashlar.042
Fra:1 Mem:58.19M (Peak 58.19M) | Time:00:00.19 | Mem:0.00M, Peak:0.00M | Scene, ViewLayer | Synchronizing object | Lantern base
Fra:1 Mem:58.16M (Peak 58.19M) | Time:00:00.19 | Mem:0.00M, Peak:0.00M | Scene, ViewLayer | Synchronizing object | North ashlar.043
Fra:1 Mem:58.24M (Peak 58.24M) | Time:00:00.19 | Mem:0.00M, Peak:0.00M | Scene, ViewLayer | Synchronizing object | North ashlar.044
Fra:1 Mem:58.25M (Peak 58.25M) | Time:00:00.19 | Mem:0.00M, Peak:0.00M | Scene, ViewLayer | Synchronizing object | West ashlar.016
Fra:1 Mem:58.25M (Peak 58.25M) | Time:00:00.19 | Mem:0.00M, Peak:0.00M | Scene, ViewLayer | Synchronizing object | West ashlar.017
Fra:1 Mem:58.35M (Peak 58.35M) | Time:00:00.19 | Mem:0.00M, Peak:0.00M | Scene, ViewLayer | Synchronizing object | West ashlar.018
Fra:1 Mem:58.36M (Peak 58.36M) | Time:00:00.20 | Mem:0.00M, Peak:0.00M | Scene, ViewLayer | Synchronizing object | West ashlar.019
Fra:1 Mem:58.38M (Peak 58.38M) | Time:00:00.20 | Mem:0.00M, Peak:0.00M | Scene, ViewLayer | Synchronizing object | North ashlar.045
Fra:1 Mem:58.41M (Peak 58.41M) | Time:00:00.20 | Mem:0.00M, Peak:0.00M | Scene, ViewLayer | Synchronizing object | North ashlar.046
Fra:1 Mem:58.45M (Peak 58.45M) | Time:00:00.20 | Mem:0.00M, Peak:0.00M | Scene, ViewLayer | Synchronizing object | North ashlar.047
Fra:1 Mem:58.50M (Peak 58.50M) | Time:00:00.20 | Mem:0.00M, Peak:0.00M | Scene, ViewLayer | Synchronizing object | Subtle damp boot mark.001
Fra:1 Mem:58.53M (Peak 58.53M) | Time:00:00.20 | Mem:0.00M, Peak:0.00M | Scene, ViewLayer | Synchronizing object | North ashlar.048
Fra:1 Mem:58.52M (Peak 58.53M) | Time:00:00.20 | Mem:0.00M, Peak:0.00M | Scene, ViewLayer | Synchronizing object | North ashlar.050
Fra:1 Mem:58.61M (Peak 58.61M) | Time:00:00.20 | Mem:0.00M, Peak:0.00M | Scene, ViewLayer | Synchronizing object | North ashlar.051
Fra:1 Mem:58.59M (Peak 58.61M) | Time:00:00.20 | Mem:0.00M, Peak:0.00M | Scene, ViewLayer | Synchronizing object | Subtle damp boot mark
Fra:1 Mem:58.60M (Peak 58.61M) | Time:00:00.20 | Mem:0.00M, Peak:0.00M | Scene, ViewLayer | Synchronizing object | North ashlar.052
Fra:1 Mem:58.71M (Peak 58.71M) | Time:00:00.20 | Mem:0.00M, Peak:0.00M | Scene, ViewLayer | Synchronizing object | Boot wiping mat
Fra:1 Mem:58.68M (Peak 58.71M) | Time:00:00.20 | Mem:0.00M, Peak:0.00M | Scene, ViewLayer | Synchronizing object | West ashlar.021
Fra:1 Mem:58.69M (Peak 58.71M) | Time:00:00.20 | Mem:0.00M, Peak:0.00M | Scene, ViewLayer | Synchronizing object | West ashlar.022
Fra:1 Mem:58.78M (Peak 58.78M) | Time:00:00.20 | Mem:0.00M, Peak:0.00M | Scene, ViewLayer | Synchronizing object | West ashlar.023
Fra:1 Mem:58.76M (Peak 58.78M) | Time:00:00.20 | Mem:0.00M, Peak:0.00M | Scene, ViewLayer | Synchronizing object | North ashlar.054
Fra:1 Mem:58.85M (Peak 58.85M) | Time:00:00.20 | Mem:0.00M, Peak:0.00M | Scene, ViewLayer | Synchronizing object | North ashlar.055
Fra:1 Mem:58.85M (Peak 58.85M) | Time:00:00.20 | Mem:0.00M, Peak:0.00M | Scene, ViewLayer | Synchronizing object | Furled umbrella.003
Fra:1 Mem:58.88M (Peak 58.88M) | Time:00:00.20 | Mem:0.00M, Peak:0.00M | Scene, ViewLayer | Synchronizing object | North ashlar.056
Fra:1 Mem:58.88M (Peak 58.88M) | Time:00:00.20 | Mem:0.00M, Peak:0.00M | Scene, ViewLayer | Synchronizing object | North ashlar.057
Fra:1 Mem:58.96M (Peak 58.96M) | Time:00:00.20 | Mem:0.00M, Peak:0.00M | Scene, ViewLayer | Synchronizing object | North ashlar.058
Fra:1 Mem:58.99M (Peak 58.99M) | Time:00:00.20 | Mem:0.00M, Peak:0.00M | Scene, ViewLayer | Synchronizing object | Furled umbrella.002
Fra:1 Mem:59.00M (Peak 59.00M) | Time:00:00.20 | Mem:0.00M, Peak:0.00M | Scene, ViewLayer | Synchronizing object | North ashlar.060
Fra:1 Mem:59.10M (Peak 59.10M) | Time:00:00.20 | Mem:0.00M, Peak:0.00M | Scene, ViewLayer | Synchronizing object | North ashlar.061
Fra:1 Mem:59.09M (Peak 59.10M) | Time:00:00.20 | Mem:0.00M, Peak:0.00M | Scene, ViewLayer | Synchronizing object | Furled umbrella.001
Fra:1 Mem:59.09M (Peak 59.10M) | Time:00:00.20 | Mem:0.00M, Peak:0.00M | Scene, ViewLayer | Synchronizing object | North ashlar.062
Fra:1 Mem:59.14M (Peak 59.14M) | Time:00:00.20 | Mem:0.00M, Peak:0.00M | Scene, ViewLayer | Synchronizing object | West ashlar.024
Fra:1 Mem:59.15M (Peak 59.15M) | Time:00:00.20 | Mem:0.00M, Peak:0.00M | Scene, ViewLayer | Synchronizing object | West ashlar.025
Fra:1 Mem:59.19M (Peak 59.19M) | Time:00:00.20 | Mem:0.00M, Peak:0.00M | Scene, ViewLayer | Synchronizing object | West ashlar.026
Fra:1 Mem:59.20M (Peak 59.20M) | Time:00:00.20 | Mem:0.00M, Peak:0.00M | Scene, ViewLayer | Synchronizing object | Furled umbrella
Fra:1 Mem:59.23M (Peak 59.23M) | Time:00:00.20 | Mem:0.00M, Peak:0.00M | Scene, ViewLayer | Synchronizing object | West ashlar.027
Fra:1 Mem:59.30M (Peak 59.30M) | Time:00:00.20 | Mem:0.00M, Peak:0.00M | Scene, ViewLayer | Synchronizing object | North ashlar.063
Fra:1 Mem:59.31M (Peak 59.32M) | Time:00:00.20 | Mem:0.00M, Peak:0.00M | Scene, ViewLayer | Synchronizing object | Umbrella stand dark interior
Fra:1 Mem:59.36M (Peak 59.36M) | Time:00:00.20 | Mem:0.00M, Peak:0.00M | Scene, ViewLayer | Synchronizing object | North ashlar.064
Fra:1 Mem:59.33M (Peak 59.36M) | Time:00:00.20 | Mem:0.00M, Peak:0.00M | Scene, ViewLayer | Synchronizing object | North ashlar.066
Fra:1 Mem:59.33M (Peak 59.36M) | Time:00:00.20 | Mem:0.00M, Peak:0.00M | Scene, ViewLayer | Synchronizing object | North ashlar.067
Fra:1 Mem:59.41M (Peak 59.41M) | Time:00:00.20 | Mem:0.00M, Peak:0.00M | Scene, ViewLayer | Synchronizing object | Umbrella stand
Fra:1 Mem:59.49M (Peak 59.49M) | Time:00:00.20 | Mem:0.00M, Peak:0.00M | Scene, ViewLayer | Synchronizing object | North ashlar.068
Fra:1 Mem:59.50M (Peak 59.50M) | Time:00:00.20 | Mem:0.00M, Peak:0.00M | Scene, ViewLayer | Synchronizing object | North ashlar.069
Fra:1 Mem:59.51M (Peak 59.52M) | Time:00:00.20 | Mem:0.00M, Peak:0.00M | Scene, ViewLayer | Synchronizing object | North ashlar.071
Fra:1 Mem:59.54M (Peak 59.54M) | Time:00:00.20 | Mem:0.00M, Peak:0.00M | Scene, ViewLayer | Synchronizing object | West ashlar.028
Fra:1 Mem:59.55M (Peak 59.55M) | Time:00:00.20 | Mem:0.00M, Peak:0.00M | Scene, ViewLayer | Synchronizing object | West ashlar.029
Fra:1 Mem:59.57M (Peak 59.57M) | Time:00:00.20 | Mem:0.00M, Peak:0.00M | Scene, ViewLayer | Synchronizing object | West ashlar.030
Fra:1 Mem:59.63M (Peak 59.63M) | Time:00:00.20 | Mem:0.00M, Peak:0.00M | Scene, ViewLayer | Synchronizing object | West ashlar.031
Fra:1 Mem:59.68M (Peak 59.68M) | Time:00:00.20 | Mem:0.00M, Peak:0.00M | Scene, ViewLayer | Synchronizing object | Speaking tube mouthpiece
Fra:1 Mem:59.73M (Peak 59.73M) | Time:00:00.20 | Mem:0.00M, Peak:0.00M | Scene, ViewLayer | Synchronizing object | North ashlar.072
Fra:1 Mem:59.74M (Peak 59.74M) | Time:00:00.20 | Mem:0.00M, Peak:0.00M | Scene, ViewLayer | Synchronizing object | Conduit bracket.003
Fra:1 Mem:59.73M (Peak 59.74M) | Time:00:00.20 | Mem:0.00M, Peak:0.00M | Scene, ViewLayer | Synchronizing object | North ashlar.073
Fra:1 Mem:59.79M (Peak 59.79M) | Time:00:00.20 | Mem:0.00M, Peak:0.00M | Scene, ViewLayer | Synchronizing object | North ashlar.074
Fra:1 Mem:59.78M (Peak 59.79M) | Time:00:00.20 | Mem:0.00M, Peak:0.00M | Scene, ViewLayer | Synchronizing object | North ashlar.075
Fra:1 Mem:59.83M (Peak 59.83M) | Time:00:00.20 | Mem:0.00M, Peak:0.00M | Scene, ViewLayer | Synchronizing object | North ashlar.076
Fra:1 Mem:59.86M (Peak 59.86M) | Time:00:00.20 | Mem:0.00M, Peak:0.00M | Scene, ViewLayer | Synchronizing object | North ashlar.077
Fra:1 Mem:59.92M (Peak 59.92M) | Time:00:00.20 | Mem:0.00M, Peak:0.00M | Scene, ViewLayer | Synchronizing object | North ashlar.078
Fra:1 Mem:59.91M (Peak 59.92M) | Time:00:00.20 | Mem:0.00M, Peak:0.00M | Scene, ViewLayer | Synchronizing object | Conduit bracket.002
Fra:1 Mem:59.94M (Peak 59.94M) | Time:00:00.20 | Mem:0.00M, Peak:0.00M | Scene, ViewLayer | Synchronizing object | North ashlar.079
Fra:1 Mem:60.00M (Peak 60.00M) | Time:00:00.20 | Mem:0.00M, Peak:0.00M | Scene, ViewLayer | Synchronizing object | North ashlar.080
Fra:1 Mem:59.96M (Peak 60.00M) | Time:00:00.20 | Mem:0.00M, Peak:0.00M | Scene, ViewLayer | Synchronizing object | West ashlar.032
Fra:1 Mem:59.96M (Peak 60.00M) | Time:00:00.20 | Mem:0.00M, Peak:0.00M | Scene, ViewLayer | Synchronizing object | West ashlar.033
Fra:1 Mem:60.00M (Peak 60.00M) | Time:00:00.20 | Mem:0.00M, Peak:0.00M | Scene, ViewLayer | Synchronizing object | West ashlar.034
Fra:1 Mem:59.99M (Peak 60.00M) | Time:00:00.20 | Mem:0.00M, Peak:0.00M | Scene, ViewLayer | Synchronizing object | West ashlar.035
Fra:1 Mem:60.01M (Peak 60.01M) | Time:00:00.20 | Mem:0.00M, Peak:0.00M | Scene, ViewLayer | Synchronizing object | Conduit bracket.001
Fra:1 Mem:60.03M (Peak 60.03M) | Time:00:00.20 | Mem:0.00M, Peak:0.00M | Scene, ViewLayer | Synchronizing object | West ashlar.036
Fra:1 Mem:60.06M (Peak 60.06M) | Time:00:00.20 | Mem:0.00M, Peak:0.00M | Scene, ViewLayer | Synchronizing object | West ashlar.037
Fra:1 Mem:60.07M (Peak 60.07M) | Time:00:00.20 | Mem:0.00M, Peak:0.00M | Scene, ViewLayer | Synchronizing object | North ashlar.082
Fra:1 Mem:60.21M (Peak 60.21M) | Time:00:00.20 | Mem:0.00M, Peak:0.00M | Scene, ViewLayer | Synchronizing object | North ashlar.083
Fra:1 Mem:60.16M (Peak 60.21M) | Time:00:00.20 | Mem:0.00M, Peak:0.00M | Scene, ViewLayer | Synchronizing object | Conduit bracket
Fra:1 Mem:60.18M (Peak 60.21M) | Time:00:00.20 | Mem:0.00M, Peak:0.00M | Scene, ViewLayer | Synchronizing object | North ashlar.084
Fra:1 Mem:60.21M (Peak 60.21M) | Time:00:00.20 | Mem:0.00M, Peak:0.00M | Scene, ViewLayer | Synchronizing object | North ashlar.085
Fra:1 Mem:60.29M (Peak 60.29M) | Time:00:00.20 | Mem:0.00M, Peak:0.00M | Scene, ViewLayer | Synchronizing object | North ashlar.086
Fra:1 Mem:60.25M (Peak 60.29M) | Time:00:00.20 | Mem:0.00M, Peak:0.00M | Scene, ViewLayer | Synchronizing object | North ashlar.087
Fra:1 Mem:60.31M (Peak 60.31M) | Time:00:00.20 | Mem:0.00M, Peak:0.00M | Scene, ViewLayer | Synchronizing object | North ashlar.088
Fra:1 Mem:60.29M (Peak 60.31M) | Time:00:00.20 | Mem:0.00M, Peak:0.00M | Scene, ViewLayer | Synchronizing object | North ashlar.089
Fra:1 Mem:60.32M (Peak 60.32M) | Time:00:00.20 | Mem:0.00M, Peak:0.00M | Scene, ViewLayer | Synchronizing object | Roster unlettered line.029
Fra:1 Mem:60.30M (Peak 60.32M) | Time:00:00.20 | Mem:0.00M, Peak:0.00M | Scene, ViewLayer | Synchronizing object | West ashlar.038
Fra:1 Mem:60.34M (Peak 60.34M) | Time:00:00.20 | Mem:0.00M, Peak:0.00M | Scene, ViewLayer | Synchronizing object | Roster unlettered line.028
Fra:1 Mem:60.37M (Peak 60.37M) | Time:00:00.20 | Mem:0.00M, Peak:0.00M | Scene, ViewLayer | Synchronizing object | Roster unlettered line.027
Fra:1 Mem:60.36M (Peak 60.37M) | Time:00:00.20 | Mem:0.00M, Peak:0.00M | Scene, ViewLayer | Synchronizing object | Roster unlettered line.026
Fra:1 Mem:60.37M (Peak 60.37M) | Time:00:00.20 | Mem:0.00M, Peak:0.00M | Scene, ViewLayer | Synchronizing object | West ashlar.039
Fra:1 Mem:60.39M (Peak 60.39M) | Time:00:00.20 | Mem:0.00M, Peak:0.00M | Scene, ViewLayer | Synchronizing object | Roster unlettered line.025
Fra:1 Mem:60.37M (Peak 60.39M) | Time:00:00.20 | Mem:0.00M, Peak:0.00M | Scene, ViewLayer | Synchronizing object | West ashlar.040
Fra:1 Mem:60.40M (Peak 60.40M) | Time:00:00.20 | Mem:0.00M, Peak:0.00M | Scene, ViewLayer | Synchronizing object | Roster pin.005
Fra:1 Mem:60.41M (Peak 60.41M) | Time:00:00.20 | Mem:0.00M, Peak:0.00M | Scene, ViewLayer | Synchronizing object | West ashlar.041
Fra:1 Mem:60.42M (Peak 60.42M) | Time:00:00.20 | Mem:0.00M, Peak:0.00M | Scene, ViewLayer | Synchronizing object | West ashlar.042
Fra:1 Mem:60.45M (Peak 60.45M) | Time:00:00.20 | Mem:0.00M, Peak:0.00M | Scene, ViewLayer | Synchronizing object | West ashlar.043
Fra:1 Mem:60.54M (Peak 60.54M) | Time:00:00.20 | Mem:0.00M, Peak:0.00M | Scene, ViewLayer | Synchronizing object | North pilaster
Fra:1 Mem:60.52M (Peak 60.54M) | Time:00:00.20 | Mem:0.00M, Peak:0.00M | Scene, ViewLayer | Synchronizing object | North capital
Fra:1 Mem:60.54M (Peak 60.54M) | Time:00:00.20 | Mem:0.00M, Peak:0.00M | Scene, ViewLayer | Synchronizing object | North pilaster.001
Fra:1 Mem:60.58M (Peak 60.58M) | Time:00:00.20 | Mem:0.00M, Peak:0.00M | Scene, ViewLayer | Synchronizing object | North capital.001
Fra:1 Mem:60.62M (Peak 60.62M) | Time:00:00.20 | Mem:0.00M, Peak:0.00M | Scene, ViewLayer | Synchronizing object | North pilaster.002
Fra:1 Mem:60.62M (Peak 60.62M) | Time:00:00.20 | Mem:0.00M, Peak:0.00M | Scene, ViewLayer | Synchronizing object | Roster unlettered line.024
Fra:1 Mem:60.64M (Peak 60.64M) | Time:00:00.20 | Mem:0.00M, Peak:0.00M | Scene, ViewLayer | Synchronizing object | North capital.002
Fra:1 Mem:60.67M (Peak 60.67M) | Time:00:00.20 | Mem:0.00M, Peak:0.00M | Scene, ViewLayer | Synchronizing object | Roster unlettered line.023
Fra:1 Mem:60.66M (Peak 60.67M) | Time:00:00.20 | Mem:0.00M, Peak:0.00M | Scene, ViewLayer | Synchronizing object | Roster unlettered line.022
Fra:1 Mem:60.68M (Peak 60.68M) | Time:00:00.20 | Mem:0.00M, Peak:0.00M | Scene, ViewLayer | Synchronizing object | North capital.003
Fra:1 Mem:60.68M (Peak 60.68M) | Time:00:00.20 | Mem:0.00M, Peak:0.00M | Scene, ViewLayer | Synchronizing object | Roster unlettered line.021
Fra:1 Mem:60.70M (Peak 60.70M) | Time:00:00.20 | Mem:0.00M, Peak:0.00M | Scene, ViewLayer | Synchronizing object | North coping
Fra:1 Mem:60.72M (Peak 60.72M) | Time:00:00.20 | Mem:0.00M, Peak:0.00M | Scene, ViewLayer | Synchronizing object | Roster unlettered line.020
Fra:1 Mem:60.74M (Peak 60.74M) | Time:00:00.20 | Mem:0.00M, Peak:0.00M | Scene, ViewLayer | Synchronizing object | Roster pin.004
Fra:1 Mem:60.74M (Peak 60.74M) | Time:00:00.20 | Mem:0.00M, Peak:0.00M | Scene, ViewLayer | Synchronizing object | East cutaway sill
Fra:1 Mem:60.73M (Peak 60.74M) | Time:00:00.20 | Mem:0.00M, Peak:0.00M | Scene, ViewLayer | Synchronizing object | South cutaway sill
Fra:1 Mem:60.78M (Peak 60.78M) | Time:00:00.20 | Mem:0.00M, Peak:0.00M | Scene, ViewLayer | Synchronizing object | South cutaway sill.001
Fra:1 Mem:60.80M (Peak 60.80M) | Time:00:00.20 | Mem:0.00M, Peak:0.00M | Scene, ViewLayer | Synchronizing object | Public service sheet.004
Fra:1 Mem:60.80M (Peak 60.80M) | Time:00:00.20 | Mem:0.00M, Peak:0.00M | Scene, ViewLayer | Synchronizing object | Brass main door
Fra:1 Mem:60.78M (Peak 60.80M) | Time:00:00.20 | Mem:0.00M, Peak:0.00M | Scene, ViewLayer | Synchronizing object | Door jamb
Fra:1 Mem:60.82M (Peak 60.82M) | Time:00:00.20 | Mem:0.00M, Peak:0.00M | Scene, ViewLayer | Synchronizing object | Door jamb.001
Fra:1 Mem:60.92M (Peak 60.92M) | Time:00:00.20 | Mem:0.00M, Peak:0.00M | Scene, ViewLayer | Synchronizing object | Door lintel
Fra:1 Mem:60.94M (Peak 60.94M) | Time:00:00.20 | Mem:0.00M, Peak:0.00M | Scene, ViewLayer | Synchronizing object | Door rivet
Fra:1 Mem:60.96M (Peak 60.96M) | Time:00:00.20 | Mem:0.00M, Peak:0.00M | Scene, ViewLayer | Synchronizing object | Door rivet.001
Fra:1 Mem:60.93M (Peak 60.96M) | Time:00:00.20 | Mem:0.00M, Peak:0.00M | Scene, ViewLayer | Synchronizing object | Door rivet.003
Fra:1 Mem:60.97M (Peak 60.97M) | Time:00:00.20 | Mem:0.00M, Peak:0.00M | Scene, ViewLayer | Synchronizing object | Door rivet.004
Fra:1 Mem:60.96M (Peak 60.97M) | Time:00:00.20 | Mem:0.00M, Peak:0.00M | Scene, ViewLayer | Synchronizing object | Roster unlettered line.018
Fra:1 Mem:60.99M (Peak 60.99M) | Time:00:00.20 | Mem:0.00M, Peak:0.00M | Scene, ViewLayer | Synchronizing object | Door rivet.007
Fra:1 Mem:60.99M (Peak 60.99M) | Time:00:00.20 | Mem:0.00M, Peak:0.00M | Scene, ViewLayer | Synchronizing object | Roster unlettered line.017
Fra:1 Mem:61.01M (Peak 61.01M) | Time:00:00.20 | Mem:0.00M, Peak:0.00M | Scene, ViewLayer | Synchronizing object | Door rivet.009
Fra:1 Mem:61.03M (Peak 61.03M) | Time:00:00.20 | Mem:0.00M, Peak:0.00M | Scene, ViewLayer | Synchronizing object | Door rivet.010
Fra:1 Mem:61.07M (Peak 61.07M) | Time:00:00.20 | Mem:0.00M, Peak:0.00M | Scene, ViewLayer | Synchronizing object | Door rivet.011
Fra:1 Mem:61.12M (Peak 61.12M) | Time:00:00.20 | Mem:0.00M, Peak:0.00M | Scene, ViewLayer | Synchronizing object | Roster unlettered line.015
Fra:1 Mem:61.13M (Peak 61.13M) | Time:00:00.20 | Mem:0.00M, Peak:0.00M | Scene, ViewLayer | Synchronizing object | Door rivet.012
Fra:1 Mem:61.14M (Peak 61.14M) | Time:00:00.20 | Mem:0.00M, Peak:0.00M | Scene, ViewLayer | Synchronizing object | Door hinge
Fra:1 Mem:61.21M (Peak 61.21M) | Time:00:00.20 | Mem:0.00M, Peak:0.00M | Scene, ViewLayer | Synchronizing object | Door hinge.001
Fra:1 Mem:61.24M (Peak 61.24M) | Time:00:00.20 | Mem:0.00M, Peak:0.00M | Scene, ViewLayer | Synchronizing object | Door wheel hub
Fra:1 Mem:61.27M (Peak 61.27M) | Time:00:00.20 | Mem:0.00M, Peak:0.00M | Scene, ViewLayer | Synchronizing object | Public service sheet.003
Fra:1 Mem:61.31M (Peak 61.31M) | Time:00:00.20 | Mem:0.00M, Peak:0.00M | Scene, ViewLayer | Synchronizing object | Brass hand wheel
Fra:1 Mem:61.35M (Peak 61.35M) | Time:00:00.20 | Mem:0.00M, Peak:0.00M | Scene, ViewLayer | Synchronizing object | Service hatch frame
Fra:1 Mem:61.42M (Peak 61.42M) | Time:00:00.20 | Mem:0.00M, Peak:0.00M | Scene, ViewLayer | Synchronizing object | Service hatch face
Fra:1 Mem:61.45M (Peak 61.45M) | Time:00:00.20 | Mem:0.00M, Peak:0.00M | Scene, ViewLayer | Synchronizing object | Service ventilation slat
Fra:1 Mem:61.51M (Peak 61.51M) | Time:00:00.20 | Mem:0.00M, Peak:0.00M | Scene, ViewLayer | Synchronizing object | Service ventilation slat.001
Fra:1 Mem:61.52M (Peak 61.52M) | Time:00:00.20 | Mem:0.00M, Peak:0.00M | Scene, ViewLayer | Synchronizing object | Service ventilation slat.002
Fra:1 Mem:61.55M (Peak 61.55M) | Time:00:00.20 | Mem:0.00M, Peak:0.00M | Scene, ViewLayer | Synchronizing object | Service ventilation slat.003
Fra:1 Mem:61.57M (Peak 61.57M) | Time:00:00.20 | Mem:0.00M, Peak:0.00M | Scene, ViewLayer | Synchronizing object | Roster unlettered line.012
Fra:1 Mem:61.61M (Peak 61.61M) | Time:00:00.20 | Mem:0.00M, Peak:0.00M | Scene, ViewLayer | Synchronizing object | Service ventilation slat.004
Fra:1 Mem:61.61M (Peak 61.61M) | Time:00:00.20 | Mem:0.00M, Peak:0.00M | Scene, ViewLayer | Synchronizing object | Roster unlettered line.011
Fra:1 Mem:61.63M (Peak 61.63M) | Time:00:00.20 | Mem:0.00M, Peak:0.00M | Scene, ViewLayer | Synchronizing object | Roster unlettered line.010
Fra:1 Mem:61.64M (Peak 61.64M) | Time:00:00.20 | Mem:0.00M, Peak:0.00M | Scene, ViewLayer | Synchronizing object | Roster oak frame
Fra:1 Mem:61.66M (Peak 61.66M) | Time:00:00.20 | Mem:0.00M, Peak:0.00M | Scene, ViewLayer | Synchronizing object | Roster pin.002
Fra:1 Mem:61.67M (Peak 61.67M) | Time:00:00.20 | Mem:0.00M, Peak:0.00M | Scene, ViewLayer | Synchronizing object | Public service sheet
Fra:1 Mem:61.69M (Peak 61.69M) | Time:00:00.20 | Mem:0.00M, Peak:0.00M | Scene, ViewLayer | Synchronizing object | Public service sheet.002
Fra:1 Mem:61.70M (Peak 61.70M) | Time:00:00.20 | Mem:0.00M, Peak:0.00M | Scene, ViewLayer | Synchronizing object | Roster pin
Fra:1 Mem:61.73M (Peak 61.73M) | Time:00:00.20 | Mem:0.00M, Peak:0.00M | Scene, ViewLayer | Synchronizing object | Roster unlettered line
Fra:1 Mem:61.73M (Peak 61.73M) | Time:00:00.20 | Mem:0.00M, Peak:0.00M | Scene, ViewLayer | Synchronizing object | Roster unlettered line.001
Fra:1 Mem:61.75M (Peak 61.75M) | Time:00:00.20 | Mem:0.00M, Peak:0.00M | Scene, ViewLayer | Synchronizing object | Roster unlettered line.002
Fra:1 Mem:61.73M (Peak 61.75M) | Time:00:00.20 | Mem:0.00M, Peak:0.00M | Scene, ViewLayer | Synchronizing object | Roster unlettered line.003
Fra:1 Mem:61.72M (Peak 61.75M) | Time:00:00.20 | Mem:0.00M, Peak:0.00M | Scene, ViewLayer | Synchronizing object | Public service sheet.001
Fra:1 Mem:61.71M (Peak 61.75M) | Time:00:00.20 | Mem:0.00M, Peak:0.00M | Scene, ViewLayer | Synchronizing object | Roster unlettered line.005
Fra:1 Mem:61.74M (Peak 61.75M) | Time:00:00.20 | Mem:0.00M, Peak:0.00M | Scene, ViewLayer | Synchronizing object | Roster unlettered line.006
Fra:1 Mem:61.76M (Peak 61.76M) | Time:00:00.20 | Mem:0.00M, Peak:0.00M | Scene, ViewLayer | Synchronizing object | Roster unlettered line.007
Fra:1 Mem:61.74M (Peak 61.76M) | Time:00:00.20 | Mem:0.00M, Peak:0.00M | Scene, ViewLayer | Synchronizing object | Roster unlettered line.008
Fra:1 Mem:61.74M (Peak 61.76M) | Time:00:00.20 | Mem:0.00M, Peak:0.00M | Scene, ViewLayer | Initializing
Fra:1 Mem:40.57M (Peak 61.76M) | Time:00:00.21 | Mem:0.00M, Peak:0.00M | Scene, ViewLayer | Waiting for render to start
Fra:1 Mem:40.57M (Peak 61.76M) | Time:00:00.21 | Mem:0.00M, Peak:0.00M | Scene, ViewLayer | Updating Scene
Fra:1 Mem:40.57M (Peak 61.76M) | Time:00:00.21 | Mem:0.00M, Peak:0.00M | Scene, ViewLayer | Updating Shaders
Fra:1 Mem:40.57M (Peak 61.76M) | Time:00:00.21 | Mem:0.00M, Peak:0.00M | Scene, ViewLayer | Loading render kernels (may take a few minutes the first time)
Fra:1 Mem:40.66M (Peak 67.73M) | Time:00:00.31 | Mem:0.01M, Peak:0.01M | Scene, ViewLayer | Updating Procedurals
Fra:1 Mem:40.66M (Peak 67.73M) | Time:00:00.31 | Mem:0.01M, Peak:0.01M | Scene, ViewLayer | Updating Background
Fra:1 Mem:40.66M (Peak 67.73M) | Time:00:00.31 | Mem:0.01M, Peak:0.01M | Scene, ViewLayer | Updating Camera
Fra:1 Mem:40.66M (Peak 67.73M) | Time:00:00.31 | Mem:0.01M, Peak:0.01M | Scene, ViewLayer | Updating Meshes Flags
Fra:1 Mem:40.66M (Peak 67.73M) | Time:00:00.31 | Mem:0.01M, Peak:0.01M | Scene, ViewLayer | Updating Objects
Fra:1 Mem:40.66M (Peak 67.73M) | Time:00:00.31 | Mem:0.01M, Peak:0.01M | Scene, ViewLayer | Updating Objects | Copying Transformations to device
Fra:1 Mem:40.75M (Peak 67.73M) | Time:00:00.31 | Mem:0.10M, Peak:0.10M | Scene, ViewLayer | Updating Particle Systems
Fra:1 Mem:40.75M (Peak 67.73M) | Time:00:00.31 | Mem:0.10M, Peak:0.10M | Scene, ViewLayer | Updating Particle Systems | Copying Particles to device
Fra:1 Mem:40.75M (Peak 67.73M) | Time:00:00.31 | Mem:0.10M, Peak:0.10M | Scene, ViewLayer | Updating Meshes
Fra:1 Mem:40.75M (Peak 67.73M) | Time:00:00.31 | Mem:0.10M, Peak:0.10M | Scene, ViewLayer | Updating Objects | Applying Static Transformations
Fra:1 Mem:40.75M (Peak 67.73M) | Time:00:00.31 | Mem:0.10M, Peak:0.10M | Scene, ViewLayer | Updating Mesh | Computing attributes
Fra:1 Mem:42.11M (Peak 67.73M) | Time:00:00.31 | Mem:0.12M, Peak:0.12M | Scene, ViewLayer | Updating Mesh | Copying Attributes to device
Fra:1 Mem:42.07M (Peak 67.73M) | Time:00:00.31 | Mem:1.42M, Peak:1.42M | Scene, ViewLayer | Updating Scene BVH | Building
Fra:1 Mem:42.08M (Peak 67.73M) | Time:00:00.31 | Mem:1.42M, Peak:1.42M | Scene, ViewLayer | Updating Scene BVH | Building BVH
Fra:1 Mem:46.04M (Peak 67.73M) | Time:00:00.33 | Mem:1.42M, Peak:1.42M | Scene, ViewLayer | Updating Scene BVH | Packing BVH triangles and strands
Fra:1 Mem:46.31M (Peak 67.73M) | Time:00:00.33 | Mem:1.42M, Peak:1.42M | Scene, ViewLayer | Updating Scene BVH | Packing BVH nodes
Fra:1 Mem:46.68M (Peak 67.73M) | Time:00:00.34 | Mem:1.42M, Peak:1.42M | Scene, ViewLayer | Updating Scene BVH | Copying BVH to device
Fra:1 Mem:46.68M (Peak 67.73M) | Time:00:00.34 | Mem:3.72M, Peak:3.72M | Scene, ViewLayer | Updating Mesh | Computing normals
Fra:1 Mem:50.33M (Peak 67.73M) | Time:00:00.35 | Mem:3.72M, Peak:3.72M | Scene, ViewLayer | Updating Mesh | Copying Mesh to device
Fra:1 Mem:50.33M (Peak 67.73M) | Time:00:00.35 | Mem:7.37M, Peak:7.37M | Scene, ViewLayer | Updating Objects Flags
Fra:1 Mem:50.33M (Peak 67.73M) | Time:00:00.35 | Mem:7.37M, Peak:7.37M | Scene, ViewLayer | Updating Primitive Offsets
Fra:1 Mem:50.33M (Peak 67.73M) | Time:00:00.35 | Mem:7.37M, Peak:7.37M | Scene, ViewLayer | Updating Images
Fra:1 Mem:50.33M (Peak 67.73M) | Time:00:00.35 | Mem:7.37M, Peak:7.37M | Scene, ViewLayer | Updating Images | Loading harbor-limestone.png
Fra:1 Mem:51.33M (Peak 67.73M) | Time:00:00.35 | Mem:7.37M, Peak:7.37M | Scene, ViewLayer | Updating Images | Loading tidal-brass.png
Fra:1 Mem:52.34M (Peak 67.73M) | Time:00:00.36 | Mem:9.37M, Peak:9.37M | Scene, ViewLayer | Updating Camera Volume
Fra:1 Mem:52.34M (Peak 67.73M) | Time:00:00.36 | Mem:9.37M, Peak:9.37M | Scene, ViewLayer | Updating Lookup Tables
Fra:1 Mem:52.34M (Peak 67.73M) | Time:00:00.36 | Mem:9.45M, Peak:9.45M | Scene, ViewLayer | Updating Lights
Fra:1 Mem:52.34M (Peak 67.73M) | Time:00:00.36 | Mem:9.45M, Peak:9.45M | Scene, ViewLayer | Updating Lights | Computing tree
Fra:1 Mem:52.54M (Peak 67.73M) | Time:00:00.36 | Mem:9.65M, Peak:9.65M | Scene, ViewLayer | Updating Integrator
Fra:1 Mem:52.54M (Peak 67.73M) | Time:00:00.36 | Mem:9.65M, Peak:9.65M | Scene, ViewLayer | Updating Film
Fra:1 Mem:52.54M (Peak 67.73M) | Time:00:00.36 | Mem:9.57M, Peak:9.65M | Scene, ViewLayer | Updating Lookup Tables
Fra:1 Mem:52.54M (Peak 67.73M) | Time:00:00.36 | Mem:9.65M, Peak:9.65M | Scene, ViewLayer | Updating Baking
Fra:1 Mem:52.54M (Peak 67.73M) | Time:00:00.36 | Mem:9.65M, Peak:9.65M | Scene, ViewLayer | Updating Device | Writing constant memory
Fra:1 Mem:52.55M (Peak 67.73M) | Time:00:00.36 | Mem:9.65M, Peak:9.65M | Scene, ViewLayer | Loading denoising kernels (may take a few minutes the first time)
Fra:1 Mem:60.24M (Peak 67.73M) | Time:00:00.38 | Mem:686.15M, Peak:686.15M | Scene, ViewLayer | Sample 0/48
Fra:1 Mem:199.40M (Peak 199.40M) | Time:00:00.43 | Remaining:00:02.00 | Mem:825.33M, Peak:825.33M | Scene, ViewLayer | Sample 1/48
Fra:1 Mem:258.00M (Peak 345.90M) | Time:00:06.83 | Mem:825.33M, Peak:825.33M | Scene, ViewLayer | Sample 48/48
Fra:1 Mem:258.00M (Peak 345.90M) | Time:00:06.83 | Mem:825.33M, Peak:825.33M | Scene, ViewLayer | Finished
Saved: 'C:\Users\Hermes\Projects\Operator Special Forces Dungeon and Dragons\campaigns\the-unwritten-coast\discovery-atlas\art\architecture\r01-cutaway.png'
Time: 00:07.18 (Saving: 00:00.27)

Fra:1 Mem:46.05M (Peak 46.05M) | Time:00:00.13 | Mem:0.00M, Peak:0.00M | Scene, ViewLayer | Synchronizing object | Foundation
Fra:1 Mem:46.05M (Peak 46.05M) | Time:00:00.13 | Mem:0.00M, Peak:0.00M | Scene, ViewLayer | Synchronizing object | Individual limestone flag
Fra:1 Mem:46.06M (Peak 46.06M) | Time:00:00.13 | Mem:0.00M, Peak:0.00M | Scene, ViewLayer | Synchronizing object | Individual limestone flag.001
Fra:1 Mem:46.16M (Peak 46.16M) | Time:00:00.13 | Mem:0.00M, Peak:0.00M | Scene, ViewLayer | Synchronizing object | Individual limestone flag.002
Fra:1 Mem:46.17M (Peak 46.17M) | Time:00:00.13 | Mem:0.00M, Peak:0.00M | Scene, ViewLayer | Synchronizing object | Individual limestone flag.003
Fra:1 Mem:46.16M (Peak 46.17M) | Time:00:00.13 | Mem:0.00M, Peak:0.00M | Scene, ViewLayer | Synchronizing object | Individual limestone flag.004
Fra:1 Mem:46.19M (Peak 46.19M) | Time:00:00.13 | Mem:0.00M, Peak:0.00M | Scene, ViewLayer | Synchronizing object | Individual limestone flag.005
Fra:1 Mem:46.26M (Peak 46.26M) | Time:00:00.13 | Mem:0.00M, Peak:0.00M | Scene, ViewLayer | Synchronizing object | Individual limestone flag.006
Fra:1 Mem:46.26M (Peak 46.26M) | Time:00:00.13 | Mem:0.00M, Peak:0.00M | Scene, ViewLayer | Synchronizing object | Individual limestone flag.007
Fra:1 Mem:46.30M (Peak 46.30M) | Time:00:00.13 | Mem:0.00M, Peak:0.00M | Scene, ViewLayer | Synchronizing object | Individual limestone flag.008
Fra:1 Mem:46.30M (Peak 46.30M) | Time:00:00.13 | Mem:0.00M, Peak:0.00M | Scene, ViewLayer | Synchronizing object | Individual limestone flag.009
Fra:1 Mem:46.36M (Peak 46.36M) | Time:00:00.13 | Mem:0.00M, Peak:0.00M | Scene, ViewLayer | Synchronizing object | Individual limestone flag.010
Fra:1 Mem:46.35M (Peak 46.36M) | Time:00:00.13 | Mem:0.00M, Peak:0.00M | Scene, ViewLayer | Synchronizing object | Individual limestone flag.011
Fra:1 Mem:46.40M (Peak 46.40M) | Time:00:00.13 | Mem:0.00M, Peak:0.00M | Scene, ViewLayer | Synchronizing object | Individual limestone flag.012
Fra:1 Mem:46.40M (Peak 46.40M) | Time:00:00.13 | Mem:0.00M, Peak:0.00M | Scene, ViewLayer | Synchronizing object | Individual limestone flag.013
Fra:1 Mem:46.45M (Peak 46.45M) | Time:00:00.13 | Mem:0.00M, Peak:0.00M | Scene, ViewLayer | Synchronizing object | Individual limestone flag.014
Fra:1 Mem:46.45M (Peak 46.45M) | Time:00:00.13 | Mem:0.00M, Peak:0.00M | Scene, ViewLayer | Synchronizing object | Individual limestone flag.015
Fra:1 Mem:46.50M (Peak 46.50M) | Time:00:00.13 | Mem:0.00M, Peak:0.00M | Scene, ViewLayer | Synchronizing object | Individual limestone flag.016
Fra:1 Mem:46.54M (Peak 46.54M) | Time:00:00.13 | Mem:0.00M, Peak:0.00M | Scene, ViewLayer | Synchronizing object | Individual limestone flag.017
Fra:1 Mem:46.54M (Peak 46.54M) | Time:00:00.13 | Mem:0.00M, Peak:0.00M | Scene, ViewLayer | Synchronizing object | Individual limestone flag.018
Fra:1 Mem:46.55M (Peak 46.55M) | Time:00:00.13 | Mem:0.00M, Peak:0.00M | Scene, ViewLayer | Synchronizing object | Individual limestone flag.019
Fra:1 Mem:46.61M (Peak 46.61M) | Time:00:00.13 | Mem:0.00M, Peak:0.00M | Scene, ViewLayer | Synchronizing object | Individual limestone flag.020
Fra:1 Mem:46.64M (Peak 46.64M) | Time:00:00.13 | Mem:0.00M, Peak:0.00M | Scene, ViewLayer | Synchronizing object | Individual limestone flag.021
Fra:1 Mem:46.67M (Peak 46.67M) | Time:00:00.13 | Mem:0.00M, Peak:0.00M | Scene, ViewLayer | Synchronizing object | Individual limestone flag.022
Fra:1 Mem:46.66M (Peak 46.67M) | Time:00:00.13 | Mem:0.00M, Peak:0.00M | Scene, ViewLayer | Synchronizing object | Individual limestone flag.023
Fra:1 Mem:46.72M (Peak 46.72M) | Time:00:00.13 | Mem:0.00M, Peak:0.00M | Scene, ViewLayer | Synchronizing object | Individual limestone flag.024
Fra:1 Mem:46.73M (Peak 46.73M) | Time:00:00.13 | Mem:0.00M, Peak:0.00M | Scene, ViewLayer | Synchronizing object | Individual limestone flag.025
Fra:1 Mem:46.73M (Peak 46.73M) | Time:00:00.14 | Mem:0.00M, Peak:0.00M | Scene, ViewLayer | Synchronizing object | Individual limestone flag.030
Fra:1 Mem:46.91M (Peak 46.91M) | Time:00:00.14 | Mem:0.00M, Peak:0.00M | Scene, ViewLayer | Synchronizing object | Individual limestone flag.031
Fra:1 Mem:46.94M (Peak 46.94M) | Time:00:00.14 | Mem:0.00M, Peak:0.00M | Scene, ViewLayer | Synchronizing object | Individual limestone flag.032
Fra:1 Mem:46.94M (Peak 46.94M) | Time:00:00.14 | Mem:0.00M, Peak:0.00M | Scene, ViewLayer | Synchronizing object | Individual limestone flag.033
Fra:1 Mem:46.98M (Peak 46.98M) | Time:00:00.14 | Mem:0.00M, Peak:0.00M | Scene, ViewLayer | Synchronizing object | Individual limestone flag.034
Fra:1 Mem:47.02M (Peak 47.02M) | Time:00:00.14 | Mem:0.00M, Peak:0.00M | Scene, ViewLayer | Synchronizing object | Individual limestone flag.035
Fra:1 Mem:47.03M (Peak 47.03M) | Time:00:00.14 | Mem:0.00M, Peak:0.00M | Scene, ViewLayer | Synchronizing object | Individual limestone flag.036
Fra:1 Mem:47.03M (Peak 47.03M) | Time:00:00.14 | Mem:0.00M, Peak:0.00M | Scene, ViewLayer | Synchronizing object | Individual limestone flag.037
Fra:1 Mem:47.07M (Peak 47.07M) | Time:00:00.14 | Mem:0.00M, Peak:0.00M | Scene, ViewLayer | Synchronizing object | Individual limestone flag.038
Fra:1 Mem:47.14M (Peak 47.14M) | Time:00:00.14 | Mem:0.00M, Peak:0.00M | Scene, ViewLayer | Synchronizing object | Individual limestone flag.039
Fra:1 Mem:47.09M (Peak 47.14M) | Time:00:00.14 | Mem:0.00M, Peak:0.00M | Scene, ViewLayer | Synchronizing object | Individual limestone flag.040
Fra:1 Mem:47.16M (Peak 47.16M) | Time:00:00.14 | Mem:0.00M, Peak:0.00M | Scene, ViewLayer | Synchronizing object | Individual limestone flag.041
Fra:1 Mem:47.14M (Peak 47.16M) | Time:00:00.14 | Mem:0.00M, Peak:0.00M | Scene, ViewLayer | Synchronizing object | Individual limestone flag.042
Fra:1 Mem:47.22M (Peak 47.22M) | Time:00:00.14 | Mem:0.00M, Peak:0.00M | Scene, ViewLayer | Synchronizing object | Individual limestone flag.043
Fra:1 Mem:47.19M (Peak 47.22M) | Time:00:00.14 | Mem:0.00M, Peak:0.00M | Scene, ViewLayer | Synchronizing object | Individual limestone flag.044
Fra:1 Mem:47.25M (Peak 47.25M) | Time:00:00.14 | Mem:0.00M, Peak:0.00M | Scene, ViewLayer | Synchronizing object | Individual limestone flag.045
Fra:1 Mem:47.27M (Peak 47.27M) | Time:00:00.14 | Mem:0.00M, Peak:0.00M | Scene, ViewLayer | Synchronizing object | Individual limestone flag.046
Fra:1 Mem:47.30M (Peak 47.30M) | Time:00:00.14 | Mem:0.00M, Peak:0.00M | Scene, ViewLayer | Synchronizing object | Individual limestone flag.047
Fra:1 Mem:47.32M (Peak 47.32M) | Time:00:00.14 | Mem:0.00M, Peak:0.00M | Scene, ViewLayer | Synchronizing object | Individual limestone flag.048
Fra:1 Mem:47.34M (Peak 47.34M) | Time:00:00.14 | Mem:0.00M, Peak:0.00M | Scene, ViewLayer | Synchronizing object | Individual limestone flag.049
Fra:1 Mem:47.38M (Peak 47.38M) | Time:00:00.14 | Mem:0.00M, Peak:0.00M | Scene, ViewLayer | Synchronizing object | Individual limestone flag.050
Fra:1 Mem:47.42M (Peak 47.42M) | Time:00:00.14 | Mem:0.00M, Peak:0.00M | Scene, ViewLayer | Synchronizing object | Individual limestone flag.051
Fra:1 Mem:47.40M (Peak 47.42M) | Time:00:00.14 | Mem:0.00M, Peak:0.00M | Scene, ViewLayer | Synchronizing object | Individual limestone flag.052
Fra:1 Mem:47.45M (Peak 47.45M) | Time:00:00.14 | Mem:0.00M, Peak:0.00M | Scene, ViewLayer | Synchronizing object | Individual limestone flag.053
Fra:1 Mem:47.48M (Peak 47.48M) | Time:00:00.14 | Mem:0.00M, Peak:0.00M | Scene, ViewLayer | Synchronizing object | Individual limestone flag.054
Fra:1 Mem:47.50M (Peak 47.50M) | Time:00:00.14 | Mem:0.00M, Peak:0.00M | Scene, ViewLayer | Synchronizing object | Individual limestone flag.055
Fra:1 Mem:47.52M (Peak 47.52M) | Time:00:00.14 | Mem:0.00M, Peak:0.00M | Scene, ViewLayer | Synchronizing object | Individual limestone flag.056
Fra:1 Mem:47.55M (Peak 47.55M) | Time:00:00.14 | Mem:0.00M, Peak:0.00M | Scene, ViewLayer | Synchronizing object | Individual limestone flag.057
Fra:1 Mem:47.58M (Peak 47.58M) | Time:00:00.14 | Mem:0.00M, Peak:0.00M | Scene, ViewLayer | Synchronizing object | Individual limestone flag.058
Fra:1 Mem:47.59M (Peak 47.59M) | Time:00:00.14 | Mem:0.00M, Peak:0.00M | Scene, ViewLayer | Synchronizing object | Individual limestone flag.059
Fra:1 Mem:47.63M (Peak 47.63M) | Time:00:00.14 | Mem:0.00M, Peak:0.00M | Scene, ViewLayer | Synchronizing object | Individual limestone flag.060
Fra:1 Mem:47.65M (Peak 47.65M) | Time:00:00.14 | Mem:0.00M, Peak:0.00M | Scene, ViewLayer | Synchronizing object | Individual limestone flag.061
Fra:1 Mem:47.66M (Peak 47.66M) | Time:00:00.14 | Mem:0.00M, Peak:0.00M | Scene, ViewLayer | Synchronizing object | Individual limestone flag.062
Fra:1 Mem:47.69M (Peak 47.69M) | Time:00:00.14 | Mem:0.00M, Peak:0.00M | Scene, ViewLayer | Synchronizing object | Individual limestone flag.063
Fra:1 Mem:47.75M (Peak 47.75M) | Time:00:00.14 | Mem:0.00M, Peak:0.00M | Scene, ViewLayer | Synchronizing object | Individual limestone flag.064
Fra:1 Mem:47.75M (Peak 47.75M) | Time:00:00.14 | Mem:0.00M, Peak:0.00M | Scene, ViewLayer | Synchronizing object | Individual limestone flag.065
Fra:1 Mem:47.77M (Peak 47.77M) | Time:00:00.14 | Mem:0.00M, Peak:0.00M | Scene, ViewLayer | Synchronizing object | Individual limestone flag.066
Fra:1 Mem:47.81M (Peak 47.81M) | Time:00:00.14 | Mem:0.00M, Peak:0.00M | Scene, ViewLayer | Synchronizing object | Individual limestone flag.067
Fra:1 Mem:47.84M (Peak 47.84M) | Time:00:00.14 | Mem:0.00M, Peak:0.00M | Scene, ViewLayer | Synchronizing object | Individual limestone flag.068
Fra:1 Mem:47.88M (Peak 47.88M) | Time:00:00.14 | Mem:0.00M, Peak:0.00M | Scene, ViewLayer | Synchronizing object | Individual limestone flag.069
Fra:1 Mem:47.89M (Peak 47.89M) | Time:00:00.14 | Mem:0.00M, Peak:0.00M | Scene, ViewLayer | Synchronizing object | Individual limestone flag.070
Fra:1 Mem:47.91M (Peak 47.91M) | Time:00:00.14 | Mem:0.00M, Peak:0.00M | Scene, ViewLayer | Synchronizing object | Individual limestone flag.071
Fra:1 Mem:47.95M (Peak 47.95M) | Time:00:00.14 | Mem:0.00M, Peak:0.00M | Scene, ViewLayer | Synchronizing object | Individual limestone flag.072
Fra:1 Mem:47.97M (Peak 47.97M) | Time:00:00.14 | Mem:0.00M, Peak:0.00M | Scene, ViewLayer | Synchronizing object | Individual limestone flag.073
Fra:1 Mem:47.97M (Peak 47.97M) | Time:00:00.14 | Mem:0.00M, Peak:0.00M | Scene, ViewLayer | Synchronizing object | Individual limestone flag.074
Fra:1 Mem:48.03M (Peak 48.03M) | Time:00:00.14 | Mem:0.00M, Peak:0.00M | Scene, ViewLayer | Synchronizing object | Individual limestone flag.075
Fra:1 Mem:48.04M (Peak 48.04M) | Time:00:00.14 | Mem:0.00M, Peak:0.00M | Scene, ViewLayer | Synchronizing object | Individual limestone flag.076
Fra:1 Mem:48.08M (Peak 48.08M) | Time:00:00.14 | Mem:0.00M, Peak:0.00M | Scene, ViewLayer | Synchronizing object | Soft ceiling bounce
Fra:1 Mem:48.06M (Peak 48.08M) | Time:00:00.14 | Mem:0.00M, Peak:0.00M | Scene, ViewLayer | Synchronizing object | Individual limestone flag.078
Fra:1 Mem:48.09M (Peak 48.09M) | Time:00:00.14 | Mem:0.00M, Peak:0.00M | Scene, ViewLayer | Synchronizing object | Cool coastal fill
Fra:1 Mem:48.09M (Peak 48.09M) | Time:00:00.14 | Mem:0.00M, Peak:0.00M | Scene, ViewLayer | Synchronizing object | Individual limestone flag.080
Fra:1 Mem:48.13M (Peak 48.13M) | Time:00:00.14 | Mem:0.00M, Peak:0.00M | Scene, ViewLayer | Synchronizing object | Warm maintenance lamp.001
Fra:1 Mem:48.18M (Peak 48.18M) | Time:00:00.14 | Mem:0.00M, Peak:0.00M | Scene, ViewLayer | Synchronizing object | Warm maintenance lamp
Fra:1 Mem:48.18M (Peak 48.18M) | Time:00:00.14 | Mem:0.00M, Peak:0.00M | Scene, ViewLayer | Synchronizing object | Woven mat stitch.014
Fra:1 Mem:48.17M (Peak 48.18M) | Time:00:00.14 | Mem:0.00M, Peak:0.00M | Scene, ViewLayer | Synchronizing object | Woven mat stitch.013
Fra:1 Mem:48.18M (Peak 48.18M) | Time:00:00.14 | Mem:0.00M, Peak:0.00M | Scene, ViewLayer | Synchronizing object | Woven mat stitch.012
Fra:1 Mem:48.17M (Peak 48.18M) | Time:00:00.14 | Mem:0.00M, Peak:0.00M | Scene, ViewLayer | Synchronizing object | Individual limestone flag.081
Fra:1 Mem:48.20M (Peak 48.20M) | Time:00:00.14 | Mem:0.00M, Peak:0.00M | Scene, ViewLayer | Synchronizing object | Woven mat stitch.011
Fra:1 Mem:48.18M (Peak 48.20M) | Time:00:00.14 | Mem:0.00M, Peak:0.00M | Scene, ViewLayer | Synchronizing object | Individual limestone flag.082
Fra:1 Mem:48.21M (Peak 48.21M) | Time:00:00.14 | Mem:0.00M, Peak:0.00M | Scene, ViewLayer | Synchronizing object | Individual limestone flag.083
Fra:1 Mem:48.23M (Peak 48.23M) | Time:00:00.14 | Mem:0.00M, Peak:0.00M | Scene, ViewLayer | Synchronizing object | Individual limestone flag.084
Fra:1 Mem:48.21M (Peak 48.23M) | Time:00:00.14 | Mem:0.00M, Peak:0.00M | Scene, ViewLayer | Synchronizing object | Woven mat stitch.009
Fra:1 Mem:48.28M (Peak 48.28M) | Time:00:00.14 | Mem:0.00M, Peak:0.00M | Scene, ViewLayer | Synchronizing object | Woven mat stitch.008
Fra:1 Mem:48.28M (Peak 48.28M) | Time:00:00.14 | Mem:0.00M, Peak:0.00M | Scene, ViewLayer | Synchronizing object | Individual limestone flag.085
Fra:1 Mem:48.29M (Peak 48.29M) | Time:00:00.14 | Mem:0.00M, Peak:0.00M | Scene, ViewLayer | Synchronizing object | Woven mat stitch.007
Fra:1 Mem:48.30M (Peak 48.30M) | Time:00:00.14 | Mem:0.00M, Peak:0.00M | Scene, ViewLayer | Synchronizing object | Individual limestone flag.086
Fra:1 Mem:48.31M (Peak 48.31M) | Time:00:00.14 | Mem:0.00M, Peak:0.00M | Scene, ViewLayer | Synchronizing object | Woven mat stitch.006
Fra:1 Mem:48.32M (Peak 48.32M) | Time:00:00.14 | Mem:0.00M, Peak:0.00M | Scene, ViewLayer | Synchronizing object | Individual limestone flag.087
Fra:1 Mem:48.32M (Peak 48.32M) | Time:00:00.14 | Mem:0.00M, Peak:0.00M | Scene, ViewLayer | Synchronizing object | Woven mat stitch.005
Fra:1 Mem:48.37M (Peak 48.37M) | Time:00:00.14 | Mem:0.00M, Peak:0.00M | Scene, ViewLayer | Synchronizing object | Individual limestone flag.089
Fra:1 Mem:48.39M (Peak 48.39M) | Time:00:00.14 | Mem:0.00M, Peak:0.00M | Scene, ViewLayer | Synchronizing object | Individual limestone flag.090
Fra:1 Mem:48.41M (Peak 48.42M) | Time:00:00.14 | Mem:0.00M, Peak:0.00M | Scene, ViewLayer | Synchronizing object | Woven mat stitch.003
Fra:1 Mem:48.44M (Peak 48.44M) | Time:00:00.14 | Mem:0.00M, Peak:0.00M | Scene, ViewLayer | Synchronizing object | Woven mat stitch.002
Fra:1 Mem:48.43M (Peak 48.44M) | Time:00:00.14 | Mem:0.00M, Peak:0.00M | Scene, ViewLayer | Synchronizing object | Individual limestone flag.091
Fra:1 Mem:48.45M (Peak 48.45M) | Time:00:00.14 | Mem:0.00M, Peak:0.00M | Scene, ViewLayer | Synchronizing object | Individual limestone flag.093
Fra:1 Mem:48.46M (Peak 48.46M) | Time:00:00.14 | Mem:0.00M, Peak:0.00M | Scene, ViewLayer | Synchronizing object | Woven mat stitch.001
Fra:1 Mem:48.49M (Peak 48.49M) | Time:00:00.14 | Mem:0.00M, Peak:0.00M | Scene, ViewLayer | Synchronizing object | Individual limestone flag.094
Fra:1 Mem:48.51M (Peak 48.51M) | Time:00:00.14 | Mem:0.00M, Peak:0.00M | Scene, ViewLayer | Synchronizing object | Individual limestone flag.095
Fra:1 Mem:48.51M (Peak 48.51M) | Time:00:00.14 | Mem:0.00M, Peak:0.00M | Scene, ViewLayer | Synchronizing object | Woven mat stitch
Fra:1 Mem:48.51M (Peak 48.51M) | Time:00:00.14 | Mem:0.00M, Peak:0.00M | Scene, ViewLayer | Synchronizing object | Umbrella hooked handle.003
Fra:1 Mem:48.54M (Peak 48.54M) | Time:00:00.14 | Mem:0.00M, Peak:0.00M | Scene, ViewLayer | Synchronizing object | North ashlar
Fra:1 Mem:48.59M (Peak 48.59M) | Time:00:00.14 | Mem:0.00M, Peak:0.00M | Scene, ViewLayer | Synchronizing object | Umbrella hooked handle.002
Fra:1 Mem:48.58M (Peak 48.59M) | Time:00:00.14 | Mem:0.00M, Peak:0.00M | Scene, ViewLayer | Synchronizing object | North ashlar.001
Fra:1 Mem:48.63M (Peak 48.63M) | Time:00:00.14 | Mem:0.00M, Peak:0.00M | Scene, ViewLayer | Synchronizing object | Umbrella hooked handle.001
Fra:1 Mem:48.65M (Peak 48.65M) | Time:00:00.14 | Mem:0.00M, Peak:0.00M | Scene, ViewLayer | Synchronizing object | North ashlar.002
Fra:1 Mem:48.63M (Peak 48.65M) | Time:00:00.14 | Mem:0.00M, Peak:0.00M | Scene, ViewLayer | Synchronizing object | Umbrella hooked handle
Fra:1 Mem:48.65M (Peak 48.65M) | Time:00:00.14 | Mem:0.00M, Peak:0.00M | Scene, ViewLayer | Synchronizing object | North ashlar.003
Fra:1 Mem:48.68M (Peak 48.68M) | Time:00:00.14 | Mem:0.00M, Peak:0.00M | Scene, ViewLayer | Synchronizing object | Speaking tube rising conduit
Fra:1 Mem:48.66M (Peak 48.68M) | Time:00:00.14 | Mem:0.00M, Peak:0.00M | Scene, ViewLayer | Synchronizing object | North ashlar.004
Fra:1 Mem:48.68M (Peak 48.68M) | Time:00:00.14 | Mem:0.00M, Peak:0.00M | Scene, ViewLayer | Synchronizing object | North ashlar.005
Fra:1 Mem:48.68M (Peak 48.68M) | Time:00:00.14 | Mem:0.00M, Peak:0.00M | Scene, ViewLayer | Synchronizing object | North ashlar.006
Fra:1 Mem:48.72M (Peak 48.72M) | Time:00:00.14 | Mem:0.00M, Peak:0.00M | Scene, ViewLayer | Synchronizing object | Wheel spoke.002
Fra:1 Mem:48.76M (Peak 48.76M) | Time:00:00.14 | Mem:0.00M, Peak:0.00M | Scene, ViewLayer | Synchronizing object | North ashlar.007
Fra:1 Mem:48.75M (Peak 48.76M) | Time:00:00.14 | Mem:0.00M, Peak:0.00M | Scene, ViewLayer | Synchronizing object | Wheel spoke.001
Fra:1 Mem:48.75M (Peak 48.76M) | Time:00:00.14 | Mem:0.00M, Peak:0.00M | Scene, ViewLayer | Synchronizing object | North ashlar.008
Fra:1 Mem:48.79M (Peak 48.79M) | Time:00:00.14 | Mem:0.00M, Peak:0.00M | Scene, ViewLayer | Synchronizing object | Wheel spoke
Fra:1 Mem:48.82M (Peak 48.82M) | Time:00:00.14 | Mem:0.00M, Peak:0.00M | Scene, ViewLayer | Synchronizing object | Chair seat dent
Fra:1 Mem:48.82M (Peak 48.82M) | Time:00:00.14 | Mem:0.00M, Peak:0.00M | Scene, ViewLayer | Synchronizing object | West ashlar
Fra:1 Mem:48.80M (Peak 48.82M) | Time:00:00.14 | Mem:0.00M, Peak:0.00M | Scene, ViewLayer | Synchronizing object | Chair-shaped dent
Fra:1 Mem:48.86M (Peak 48.86M) | Time:00:00.14 | Mem:0.00M, Peak:0.00M | Scene, ViewLayer | Synchronizing object | West ashlar.001
Fra:1 Mem:48.84M (Peak 48.86M) | Time:00:00.14 | Mem:0.00M, Peak:0.00M | Scene, ViewLayer | Synchronizing object | Fine worn joint.005
Fra:1 Mem:48.83M (Peak 48.86M) | Time:00:00.14 | Mem:0.00M, Peak:0.00M | Scene, ViewLayer | Synchronizing object | West ashlar.002
Fra:1 Mem:48.90M (Peak 48.90M) | Time:00:00.14 | Mem:0.00M, Peak:0.00M | Scene, ViewLayer | Synchronizing object | Fine worn joint.004
Fra:1 Mem:48.89M (Peak 48.90M) | Time:00:00.14 | Mem:0.00M, Peak:0.00M | Scene, ViewLayer | Synchronizing object | West ashlar.003
Fra:1 Mem:48.89M (Peak 48.90M) | Time:00:00.14 | Mem:0.00M, Peak:0.00M | Scene, ViewLayer | Synchronizing object | Fine worn joint.003
Fra:1 Mem:48.94M (Peak 48.94M) | Time:00:00.14 | Mem:0.00M, Peak:0.00M | Scene, ViewLayer | Synchronizing object | Fine worn joint.002
Fra:1 Mem:48.91M (Peak 48.94M) | Time:00:00.14 | Mem:0.00M, Peak:0.00M | Scene, ViewLayer | Synchronizing object | Fine worn joint.001
Fra:1 Mem:48.91M (Peak 48.94M) | Time:00:00.14 | Mem:0.00M, Peak:0.00M | Scene, ViewLayer | Synchronizing object | Fine worn joint
Fra:1 Mem:48.91M (Peak 48.94M) | Time:00:00.14 | Mem:0.00M, Peak:0.00M | Scene, ViewLayer | Synchronizing object | North ashlar.009
Fra:1 Mem:48.91M (Peak 48.94M) | Time:00:00.14 | Mem:0.00M, Peak:0.00M | Scene, ViewLayer | Synchronizing object | North ashlar.010
Fra:1 Mem:48.94M (Peak 48.94M) | Time:00:00.14 | Mem:0.00M, Peak:0.00M | Scene, ViewLayer | Synchronizing object | North ashlar.011
Fra:1 Mem:48.95M (Peak 48.95M) | Time:00:00.14 | Mem:0.00M, Peak:0.00M | Scene, ViewLayer | Synchronizing object | North ashlar.012
Fra:1 Mem:48.97M (Peak 48.97M) | Time:00:00.14 | Mem:0.00M, Peak:0.00M | Scene, ViewLayer | Synchronizing object | Lantern cage.007
Fra:1 Mem:49.03M (Peak 49.03M) | Time:00:00.14 | Mem:0.00M, Peak:0.00M | Scene, ViewLayer | Synchronizing object | Lantern cage.006
Fra:1 Mem:49.02M (Peak 49.03M) | Time:00:00.14 | Mem:0.00M, Peak:0.00M | Scene, ViewLayer | Synchronizing object | Lantern cage.005
Fra:1 Mem:49.02M (Peak 49.03M) | Time:00:00.14 | Mem:0.00M, Peak:0.00M | Scene, ViewLayer | Synchronizing object | Lantern cage.004
Fra:1 Mem:49.02M (Peak 49.03M) | Time:00:00.14 | Mem:0.00M, Peak:0.00M | Scene, ViewLayer | Synchronizing object | Lantern cap.001
Fra:1 Mem:49.02M (Peak 49.03M) | Time:00:00.14 | Mem:0.00M, Peak:0.00M | Scene, ViewLayer | Synchronizing object | North ashlar.013
Fra:1 Mem:49.03M (Peak 49.03M) | Time:00:00.14 | Mem:0.00M, Peak:0.00M | Scene, ViewLayer | Synchronizing object | Lantern glass.001
Fra:1 Mem:49.01M (Peak 49.03M) | Time:00:00.14 | Mem:0.00M, Peak:0.00M | Scene, ViewLayer | Synchronizing object | North ashlar.015
Fra:1 Mem:49.03M (Peak 49.03M) | Time:00:00.14 | Mem:0.00M, Peak:0.00M | Scene, ViewLayer | Synchronizing object | Lantern base.001
Fra:1 Mem:49.07M (Peak 49.07M) | Time:00:00.14 | Mem:0.00M, Peak:0.00M | Scene, ViewLayer | Synchronizing object | Sconce bracket.001
Fra:1 Mem:49.09M (Peak 49.09M) | Time:00:00.14 | Mem:0.00M, Peak:0.00M | Scene, ViewLayer | Synchronizing object | Lantern cage.003
Fra:1 Mem:49.15M (Peak 49.15M) | Time:00:00.14 | Mem:0.00M, Peak:0.00M | Scene, ViewLayer | Synchronizing object | Lantern cage.002
Fra:1 Mem:49.12M (Peak 49.15M) | Time:00:00.14 | Mem:0.00M, Peak:0.00M | Scene, ViewLayer | Synchronizing object | Lantern cage.001
Fra:1 Mem:49.14M (Peak 49.15M) | Time:00:00.14 | Mem:0.00M, Peak:0.00M | Scene, ViewLayer | Synchronizing object | Lantern cage
Fra:1 Mem:49.11M (Peak 49.15M) | Time:00:00.14 | Mem:0.00M, Peak:0.00M | Scene, ViewLayer | Synchronizing object | North ashlar.017
Fra:1 Mem:49.14M (Peak 49.15M) | Time:00:00.14 | Mem:0.00M, Peak:0.00M | Scene, ViewLayer | Synchronizing object | Lantern cap
Fra:1 Mem:49.12M (Peak 49.15M) | Time:00:00.14 | Mem:0.00M, Peak:0.00M | Scene, ViewLayer | Synchronizing object | West ashlar.004
Fra:1 Mem:49.18M (Peak 49.18M) | Time:00:00.14 | Mem:0.00M, Peak:0.00M | Scene, ViewLayer | Synchronizing object | Lantern glass
Fra:1 Mem:49.16M (Peak 49.18M) | Time:00:00.14 | Mem:0.00M, Peak:0.00M | Scene, ViewLayer | Synchronizing object | Lantern base
Fra:1 Mem:49.15M (Peak 49.18M) | Time:00:00.14 | Mem:0.00M, Peak:0.00M | Scene, ViewLayer | Synchronizing object | Sconce bracket
Fra:1 Mem:49.16M (Peak 49.18M) | Time:00:00.14 | Mem:0.00M, Peak:0.00M | Scene, ViewLayer | Synchronizing object | Subtle damp boot mark.002
Fra:1 Mem:49.16M (Peak 49.18M) | Time:00:00.14 | Mem:0.00M, Peak:0.00M | Scene, ViewLayer | Synchronizing object | West ashlar.005
Fra:1 Mem:49.24M (Peak 49.24M) | Time:00:00.14 | Mem:0.00M, Peak:0.00M | Scene, ViewLayer | Synchronizing object | West ashlar.006
Fra:1 Mem:49.21M (Peak 49.24M) | Time:00:00.14 | Mem:0.00M, Peak:0.00M | Scene, ViewLayer | Synchronizing object | North ashlar.018
Fra:1 Mem:49.31M (Peak 49.31M) | Time:00:00.14 | Mem:0.00M, Peak:0.00M | Scene, ViewLayer | Synchronizing object | North ashlar.019
Fra:1 Mem:49.34M (Peak 49.34M) | Time:00:00.14 | Mem:0.00M, Peak:0.00M | Scene, ViewLayer | Synchronizing object | Subtle damp boot mark
Fra:1 Mem:49.36M (Peak 49.36M) | Time:00:00.14 | Mem:0.00M, Peak:0.00M | Scene, ViewLayer | Synchronizing object | North ashlar.020
Fra:1 Mem:49.37M (Peak 49.37M) | Time:00:00.14 | Mem:0.00M, Peak:0.00M | Scene, ViewLayer | Synchronizing object | North ashlar.021
Fra:1 Mem:49.39M (Peak 49.39M) | Time:00:00.14 | Mem:0.00M, Peak:0.00M | Scene, ViewLayer | Synchronizing object | Boot wiping mat
Fra:1 Mem:49.39M (Peak 49.39M) | Time:00:00.14 | Mem:0.00M, Peak:0.00M | Scene, ViewLayer | Synchronizing object | North ashlar.022
Fra:1 Mem:49.45M (Peak 49.45M) | Time:00:00.14 | Mem:0.00M, Peak:0.00M | Scene, ViewLayer | Synchronizing object | North ashlar.023
Fra:1 Mem:49.49M (Peak 49.49M) | Time:00:00.14 | Mem:0.00M, Peak:0.00M | Scene, ViewLayer | Synchronizing object | North ashlar.024
Fra:1 Mem:49.51M (Peak 49.51M) | Time:00:00.14 | Mem:0.00M, Peak:0.00M | Scene, ViewLayer | Synchronizing object | North ashlar.025
Fra:1 Mem:49.52M (Peak 49.52M) | Time:00:00.14 | Mem:0.00M, Peak:0.00M | Scene, ViewLayer | Synchronizing object | Furled umbrella.003
Fra:1 Mem:49.58M (Peak 49.58M) | Time:00:00.14 | Mem:0.00M, Peak:0.00M | Scene, ViewLayer | Synchronizing object | North ashlar.026
Fra:1 Mem:49.59M (Peak 49.59M) | Time:00:00.14 | Mem:0.00M, Peak:0.00M | Scene, ViewLayer | Synchronizing object | West ashlar.008
Fra:1 Mem:49.59M (Peak 49.59M) | Time:00:00.14 | Mem:0.00M, Peak:0.00M | Scene, ViewLayer | Synchronizing object | Furled umbrella.002
Fra:1 Mem:49.62M (Peak 49.62M) | Time:00:00.14 | Mem:0.00M, Peak:0.00M | Scene, ViewLayer | Synchronizing object | West ashlar.009
Fra:1 Mem:49.67M (Peak 49.67M) | Time:00:00.14 | Mem:0.00M, Peak:0.00M | Scene, ViewLayer | Synchronizing object | West ashlar.010
Fra:1 Mem:49.71M (Peak 49.71M) | Time:00:00.14 | Mem:0.00M, Peak:0.00M | Scene, ViewLayer | Synchronizing object | Furled umbrella.001
Fra:1 Mem:49.68M (Peak 49.71M) | Time:00:00.14 | Mem:0.00M, Peak:0.00M | Scene, ViewLayer | Synchronizing object | West ashlar.011
Fra:1 Mem:49.74M (Peak 49.74M) | Time:00:00.14 | Mem:0.00M, Peak:0.00M | Scene, ViewLayer | Synchronizing object | Furled umbrella
Fra:1 Mem:49.77M (Peak 49.77M) | Time:00:00.14 | Mem:0.00M, Peak:0.00M | Scene, ViewLayer | Synchronizing object | North ashlar.027
Fra:1 Mem:49.83M (Peak 49.83M) | Time:00:00.14 | Mem:0.00M, Peak:0.00M | Scene, ViewLayer | Synchronizing object | Umbrella stand dark interior
Fra:1 Mem:49.83M (Peak 49.83M) | Time:00:00.14 | Mem:0.00M, Peak:0.00M | Scene, ViewLayer | Synchronizing object | North ashlar.028
Fra:1 Mem:49.81M (Peak 49.83M) | Time:00:00.14 | Mem:0.00M, Peak:0.00M | Scene, ViewLayer | Synchronizing object | North ashlar.029
Fra:1 Mem:49.85M (Peak 49.85M) | Time:00:00.14 | Mem:0.00M, Peak:0.00M | Scene, ViewLayer | Synchronizing object | North ashlar.030
Fra:1 Mem:49.87M (Peak 49.87M) | Time:00:00.14 | Mem:0.00M, Peak:0.00M | Scene, ViewLayer | Synchronizing object | Umbrella stand
Fra:1 Mem:49.93M (Peak 49.93M) | Time:00:00.14 | Mem:0.00M, Peak:0.00M | Scene, ViewLayer | Synchronizing object | North ashlar.031
Fra:1 Mem:49.98M (Peak 49.98M) | Time:00:00.14 | Mem:0.00M, Peak:0.00M | Scene, ViewLayer | Synchronizing object | Mouthpiece dark opening
Fra:1 Mem:49.94M (Peak 49.98M) | Time:00:00.14 | Mem:0.00M, Peak:0.00M | Scene, ViewLayer | Synchronizing object | North ashlar.032
Fra:1 Mem:49.94M (Peak 49.98M) | Time:00:00.14 | Mem:0.00M, Peak:0.00M | Scene, ViewLayer | Synchronizing object | Speaking tube mouthpiece
Fra:1 Mem:49.98M (Peak 49.98M) | Time:00:00.14 | Mem:0.00M, Peak:0.00M | Scene, ViewLayer | Synchronizing object | Conduit bracket.003
Fra:1 Mem:50.00M (Peak 50.00M) | Time:00:00.14 | Mem:0.00M, Peak:0.00M | Scene, ViewLayer | Synchronizing object | Conduit bracket.002
Fra:1 Mem:50.01M (Peak 50.01M) | Time:00:00.14 | Mem:0.00M, Peak:0.00M | Scene, ViewLayer | Synchronizing object | North ashlar.034
Fra:1 Mem:49.99M (Peak 50.01M) | Time:00:00.14 | Mem:0.00M, Peak:0.00M | Scene, ViewLayer | Synchronizing object | Conduit bracket.001
Fra:1 Mem:50.00M (Peak 50.01M) | Time:00:00.14 | Mem:0.00M, Peak:0.00M | Scene, ViewLayer | Synchronizing object | North ashlar.035
Fra:1 Mem:50.06M (Peak 50.06M) | Time:00:00.14 | Mem:0.00M, Peak:0.00M | Scene, ViewLayer | Synchronizing object | West ashlar.012
Fra:1 Mem:50.06M (Peak 50.06M) | Time:00:00.14 | Mem:0.00M, Peak:0.00M | Scene, ViewLayer | Synchronizing object | West ashlar.013
Fra:1 Mem:50.13M (Peak 50.13M) | Time:00:00.14 | Mem:0.00M, Peak:0.00M | Scene, ViewLayer | Synchronizing object | West ashlar.014
Fra:1 Mem:50.10M (Peak 50.13M) | Time:00:00.14 | Mem:0.00M, Peak:0.00M | Scene, ViewLayer | Synchronizing object | West ashlar.015
Fra:1 Mem:50.17M (Peak 50.17M) | Time:00:00.14 | Mem:0.00M, Peak:0.00M | Scene, ViewLayer | Synchronizing object | Conduit bracket
Fra:1 Mem:50.16M (Peak 50.17M) | Time:00:00.14 | Mem:0.00M, Peak:0.00M | Scene, ViewLayer | Synchronizing object | North ashlar.036
Fra:1 Mem:50.18M (Peak 50.18M) | Time:00:00.14 | Mem:0.00M, Peak:0.00M | Scene, ViewLayer | Synchronizing object | North ashlar.037
Fra:1 Mem:50.16M (Peak 50.18M) | Time:00:00.14 | Mem:0.00M, Peak:0.00M | Scene, ViewLayer | Synchronizing object | North ashlar.038
Fra:1 Mem:50.18M (Peak 50.18M) | Time:00:00.14 | Mem:0.00M, Peak:0.00M | Scene, ViewLayer | Synchronizing object | North ashlar.039
Fra:1 Mem:50.18M (Peak 50.18M) | Time:00:00.14 | Mem:0.00M, Peak:0.00M | Scene, ViewLayer | Synchronizing object | North ashlar.042
Fra:1 Mem:50.18M (Peak 50.18M) | Time:00:00.14 | Mem:0.00M, Peak:0.00M | Scene, ViewLayer | Synchronizing object | North ashlar.044
Fra:1 Mem:50.17M (Peak 50.18M) | Time:00:00.14 | Mem:0.00M, Peak:0.00M | Scene, ViewLayer | Synchronizing object | West ashlar.016
Fra:1 Mem:50.18M (Peak 50.18M) | Time:00:00.14 | Mem:0.00M, Peak:0.00M | Scene, ViewLayer | Synchronizing object | West ashlar.017
Fra:1 Mem:50.18M (Peak 50.18M) | Time:00:00.14 | Mem:0.00M, Peak:0.00M | Scene, ViewLayer | Synchronizing object | West ashlar.019
Fra:1 Mem:50.18M (Peak 50.18M) | Time:00:00.14 | Mem:0.00M, Peak:0.00M | Scene, ViewLayer | Synchronizing object | North ashlar.045
Fra:1 Mem:50.17M (Peak 50.18M) | Time:00:00.14 | Mem:0.00M, Peak:0.00M | Scene, ViewLayer | Synchronizing object | North ashlar.046
Fra:1 Mem:50.18M (Peak 50.18M) | Time:00:00.14 | Mem:0.00M, Peak:0.00M | Scene, ViewLayer | Synchronizing object | North ashlar.047
Fra:1 Mem:50.18M (Peak 50.18M) | Time:00:00.14 | Mem:0.00M, Peak:0.00M | Scene, ViewLayer | Synchronizing object | North ashlar.048
Fra:1 Mem:50.17M (Peak 50.18M) | Time:00:00.14 | Mem:0.00M, Peak:0.00M | Scene, ViewLayer | Synchronizing object | North ashlar.050
Fra:1 Mem:50.18M (Peak 50.18M) | Time:00:00.14 | Mem:0.00M, Peak:0.00M | Scene, ViewLayer | Synchronizing object | North ashlar.051
Fra:1 Mem:50.17M (Peak 50.18M) | Time:00:00.14 | Mem:0.00M, Peak:0.00M | Scene, ViewLayer | Synchronizing object | North ashlar.053
Fra:1 Mem:50.18M (Peak 50.18M) | Time:00:00.14 | Mem:0.00M, Peak:0.00M | Scene, ViewLayer | Synchronizing object | West ashlar.020
Fra:1 Mem:50.18M (Peak 50.18M) | Time:00:00.14 | Mem:0.00M, Peak:0.00M | Scene, ViewLayer | Synchronizing object | West ashlar.021
Fra:1 Mem:50.18M (Peak 50.18M) | Time:00:00.14 | Mem:0.00M, Peak:0.00M | Scene, ViewLayer | Synchronizing object | West ashlar.023
Fra:1 Mem:50.18M (Peak 50.18M) | Time:00:00.14 | Mem:0.00M, Peak:0.00M | Scene, ViewLayer | Synchronizing object | North ashlar.054
Fra:1 Mem:50.17M (Peak 50.18M) | Time:00:00.14 | Mem:0.00M, Peak:0.00M | Scene, ViewLayer | Synchronizing object | North ashlar.056
Fra:1 Mem:50.17M (Peak 50.18M) | Time:00:00.14 | Mem:0.00M, Peak:0.00M | Scene, ViewLayer | Synchronizing object | North ashlar.058
Fra:1 Mem:50.20M (Peak 50.20M) | Time:00:00.14 | Mem:0.00M, Peak:0.00M | Scene, ViewLayer | Synchronizing object | North ashlar.059
Fra:1 Mem:50.17M (Peak 50.20M) | Time:00:00.14 | Mem:0.00M, Peak:0.00M | Scene, ViewLayer | Synchronizing object | North ashlar.061
Fra:1 Mem:50.17M (Peak 50.20M) | Time:00:00.14 | Mem:0.00M, Peak:0.00M | Scene, ViewLayer | Synchronizing object | Roster unlettered line.029
Fra:1 Mem:50.17M (Peak 50.20M) | Time:00:00.14 | Mem:0.00M, Peak:0.00M | Scene, ViewLayer | Synchronizing object | West ashlar.024
Fra:1 Mem:50.17M (Peak 50.20M) | Time:00:00.14 | Mem:0.00M, Peak:0.00M | Scene, ViewLayer | Synchronizing object | West ashlar.025
Fra:1 Mem:50.17M (Peak 50.20M) | Time:00:00.14 | Mem:0.00M, Peak:0.00M | Scene, ViewLayer | Synchronizing object | West ashlar.026
Fra:1 Mem:50.17M (Peak 50.20M) | Time:00:00.14 | Mem:0.00M, Peak:0.00M | Scene, ViewLayer | Synchronizing object | West ashlar.027
Fra:1 Mem:50.17M (Peak 50.20M) | Time:00:00.14 | Mem:0.00M, Peak:0.00M | Scene, ViewLayer | Synchronizing object | North ashlar.064
Fra:1 Mem:50.17M (Peak 50.20M) | Time:00:00.14 | Mem:0.00M, Peak:0.00M | Scene, ViewLayer | Synchronizing object | North ashlar.065
Fra:1 Mem:50.17M (Peak 50.20M) | Time:00:00.14 | Mem:0.00M, Peak:0.00M | Scene, ViewLayer | Synchronizing object | North ashlar.068
Fra:1 Mem:50.17M (Peak 50.20M) | Time:00:00.14 | Mem:0.00M, Peak:0.00M | Scene, ViewLayer | Synchronizing object | Roster unlettered line.028
Fra:1 Mem:50.17M (Peak 50.20M) | Time:00:00.14 | Mem:0.00M, Peak:0.00M | Scene, ViewLayer | Synchronizing object | North ashlar.069
Fra:1 Mem:50.17M (Peak 50.20M) | Time:00:00.14 | Mem:0.00M, Peak:0.00M | Scene, ViewLayer | Synchronizing object | North ashlar.070
Fra:1 Mem:50.17M (Peak 50.20M) | Time:00:00.14 | Mem:0.00M, Peak:0.00M | Scene, ViewLayer | Synchronizing object | West ashlar.028
Fra:1 Mem:50.17M (Peak 50.20M) | Time:00:00.14 | Mem:0.00M, Peak:0.00M | Scene, ViewLayer | Synchronizing object | West ashlar.029
Fra:1 Mem:50.17M (Peak 50.20M) | Time:00:00.14 | Mem:0.00M, Peak:0.00M | Scene, ViewLayer | Synchronizing object | West ashlar.030
Fra:1 Mem:50.17M (Peak 50.20M) | Time:00:00.14 | Mem:0.00M, Peak:0.00M | Scene, ViewLayer | Synchronizing object | West ashlar.031
Fra:1 Mem:50.17M (Peak 50.20M) | Time:00:00.14 | Mem:0.00M, Peak:0.00M | Scene, ViewLayer | Synchronizing object | North ashlar.073
Fra:1 Mem:50.17M (Peak 50.20M) | Time:00:00.14 | Mem:0.00M, Peak:0.00M | Scene, ViewLayer | Synchronizing object | North ashlar.074
Fra:1 Mem:50.17M (Peak 50.20M) | Time:00:00.14 | Mem:0.00M, Peak:0.00M | Scene, ViewLayer | Synchronizing object | North ashlar.075
Fra:1 Mem:50.17M (Peak 50.20M) | Time:00:00.14 | Mem:0.00M, Peak:0.00M | Scene, ViewLayer | Synchronizing object | North ashlar.076
Fra:1 Mem:50.17M (Peak 50.20M) | Time:00:00.14 | Mem:0.00M, Peak:0.00M | Scene, ViewLayer | Synchronizing object | North ashlar.079
Fra:1 Mem:50.17M (Peak 50.20M) | Time:00:00.14 | Mem:0.00M, Peak:0.00M | Scene, ViewLayer | Synchronizing object | Roster unlettered line.026
Fra:1 Mem:50.17M (Peak 50.20M) | Time:00:00.14 | Mem:0.00M, Peak:0.00M | Scene, ViewLayer | Synchronizing object | North ashlar.080
Fra:1 Mem:50.17M (Peak 50.20M) | Time:00:00.14 | Mem:0.00M, Peak:0.00M | Scene, ViewLayer | Synchronizing object | Roster unlettered line.025
Fra:1 Mem:50.17M (Peak 50.20M) | Time:00:00.14 | Mem:0.00M, Peak:0.00M | Scene, ViewLayer | Synchronizing object | Roster pin.005
Fra:1 Mem:50.17M (Peak 50.20M) | Time:00:00.14 | Mem:0.00M, Peak:0.00M | Scene, ViewLayer | Synchronizing object | West ashlar.033
Fra:1 Mem:50.17M (Peak 50.20M) | Time:00:00.14 | Mem:0.00M, Peak:0.00M | Scene, ViewLayer | Synchronizing object | Public service sheet.005
Fra:1 Mem:50.17M (Peak 50.20M) | Time:00:00.14 | Mem:0.00M, Peak:0.00M | Scene, ViewLayer | Synchronizing object | Roster unlettered line.024
Fra:1 Mem:50.17M (Peak 50.20M) | Time:00:00.14 | Mem:0.00M, Peak:0.00M | Scene, ViewLayer | Synchronizing object | West ashlar.035
Fra:1 Mem:50.17M (Peak 50.20M) | Time:00:00.14 | Mem:0.00M, Peak:0.00M | Scene, ViewLayer | Synchronizing object | West ashlar.036
Fra:1 Mem:50.17M (Peak 50.20M) | Time:00:00.14 | Mem:0.00M, Peak:0.00M | Scene, ViewLayer | Synchronizing object | West ashlar.037
Fra:1 Mem:50.18M (Peak 50.20M) | Time:00:00.14 | Mem:0.00M, Peak:0.00M | Scene, ViewLayer | Synchronizing object | North ashlar.082
Fra:1 Mem:50.17M (Peak 50.20M) | Time:00:00.14 | Mem:0.00M, Peak:0.00M | Scene, ViewLayer | Synchronizing object | North ashlar.083
Fra:1 Mem:50.17M (Peak 50.20M) | Time:00:00.14 | Mem:0.00M, Peak:0.00M | Scene, ViewLayer | Synchronizing object | North ashlar.084
Fra:1 Mem:50.18M (Peak 50.20M) | Time:00:00.14 | Mem:0.00M, Peak:0.00M | Scene, ViewLayer | Synchronizing object | North ashlar.086
Fra:1 Mem:50.17M (Peak 50.20M) | Time:00:00.14 | Mem:0.00M, Peak:0.00M | Scene, ViewLayer | Synchronizing object | Roster unlettered line.023
Fra:1 Mem:50.17M (Peak 50.20M) | Time:00:00.14 | Mem:0.00M, Peak:0.00M | Scene, ViewLayer | Synchronizing object | North ashlar.089
Fra:1 Mem:50.17M (Peak 50.20M) | Time:00:00.14 | Mem:0.00M, Peak:0.00M | Scene, ViewLayer | Synchronizing object | Roster unlettered line.022
Fra:1 Mem:50.17M (Peak 50.20M) | Time:00:00.14 | Mem:0.00M, Peak:0.00M | Scene, ViewLayer | Synchronizing object | West ashlar.039
Fra:1 Mem:50.17M (Peak 50.20M) | Time:00:00.14 | Mem:0.00M, Peak:0.00M | Scene, ViewLayer | Synchronizing object | West ashlar.040
Fra:1 Mem:50.17M (Peak 50.20M) | Time:00:00.14 | Mem:0.00M, Peak:0.00M | Scene, ViewLayer | Synchronizing object | West ashlar.041
Fra:1 Mem:50.17M (Peak 50.20M) | Time:00:00.14 | Mem:0.00M, Peak:0.00M | Scene, ViewLayer | Synchronizing object | West ashlar.042
Fra:1 Mem:50.17M (Peak 50.20M) | Time:00:00.14 | Mem:0.00M, Peak:0.00M | Scene, ViewLayer | Synchronizing object | West ashlar.043
Fra:1 Mem:50.17M (Peak 50.20M) | Time:00:00.14 | Mem:0.00M, Peak:0.00M | Scene, ViewLayer | Synchronizing object | North pilaster
Fra:1 Mem:50.17M (Peak 50.20M) | Time:00:00.14 | Mem:0.00M, Peak:0.00M | Scene, ViewLayer | Synchronizing object | North pilaster.001
Fra:1 Mem:50.17M (Peak 50.20M) | Time:00:00.14 | Mem:0.00M, Peak:0.00M | Scene, ViewLayer | Synchronizing object | Roster unlettered line.021
Fra:1 Mem:50.17M (Peak 50.20M) | Time:00:00.14 | Mem:0.00M, Peak:0.00M | Scene, ViewLayer | Synchronizing object | North capital.001
Fra:1 Mem:50.17M (Peak 50.20M) | Time:00:00.14 | Mem:0.00M, Peak:0.00M | Scene, ViewLayer | Synchronizing object | Roster unlettered line.020
Fra:1 Mem:50.17M (Peak 50.20M) | Time:00:00.14 | Mem:0.00M, Peak:0.00M | Scene, ViewLayer | Synchronizing object | North pilaster.002
Fra:1 Mem:50.20M (Peak 50.20M) | Time:00:00.14 | Mem:0.00M, Peak:0.00M | Scene, ViewLayer | Synchronizing object | North capital.002
Fra:1 Mem:50.22M (Peak 50.22M) | Time:00:00.14 | Mem:0.00M, Peak:0.00M | Scene, ViewLayer | Synchronizing object | Public service sheet.004
Fra:1 Mem:50.23M (Peak 50.23M) | Time:00:00.14 | Mem:0.00M, Peak:0.00M | Scene, ViewLayer | Synchronizing object | North pilaster.003
Fra:1 Mem:50.23M (Peak 50.23M) | Time:00:00.14 | Mem:0.00M, Peak:0.00M | Scene, ViewLayer | Synchronizing object | Roster unlettered line.019
Fra:1 Mem:50.23M (Peak 50.23M) | Time:00:00.14 | Mem:0.00M, Peak:0.00M | Scene, ViewLayer | Synchronizing object | Roster unlettered line.018
Fra:1 Mem:50.25M (Peak 50.25M) | Time:00:00.14 | Mem:0.00M, Peak:0.00M | Scene, ViewLayer | Synchronizing object | Roster unlettered line.017
Fra:1 Mem:50.26M (Peak 50.26M) | Time:00:00.14 | Mem:0.00M, Peak:0.00M | Scene, ViewLayer | Synchronizing object | Roster unlettered line.016
Fra:1 Mem:50.25M (Peak 50.26M) | Time:00:00.14 | Mem:0.00M, Peak:0.00M | Scene, ViewLayer | Synchronizing object | North capital.003
Fra:1 Mem:50.24M (Peak 50.26M) | Time:00:00.14 | Mem:0.00M, Peak:0.00M | Scene, ViewLayer | Synchronizing object | North coping
Fra:1 Mem:50.23M (Peak 50.26M) | Time:00:00.14 | Mem:0.00M, Peak:0.00M | Scene, ViewLayer | Synchronizing object | South cutaway sill.001
Fra:1 Mem:50.24M (Peak 50.26M) | Time:00:00.14 | Mem:0.00M, Peak:0.00M | Scene, ViewLayer | Synchronizing object | Roster pin.003
Fra:1 Mem:50.28M (Peak 50.28M) | Time:00:00.14 | Mem:0.00M, Peak:0.00M | Scene, ViewLayer | Synchronizing object | Brass main door
Fra:1 Mem:50.33M (Peak 50.33M) | Time:00:00.14 | Mem:0.00M, Peak:0.00M | Scene, ViewLayer | Synchronizing object | Door jamb
Fra:1 Mem:50.34M (Peak 50.34M) | Time:00:00.14 | Mem:0.00M, Peak:0.00M | Scene, ViewLayer | Synchronizing object | Public service sheet.003
Fra:1 Mem:50.35M (Peak 50.35M) | Time:00:00.14 | Mem:0.00M, Peak:0.00M | Scene, ViewLayer | Synchronizing object | Roster unlettered line.014
Fra:1 Mem:50.35M (Peak 50.35M) | Time:00:00.14 | Mem:0.00M, Peak:0.00M | Scene, ViewLayer | Synchronizing object | Roster unlettered line.013
Fra:1 Mem:50.36M (Peak 50.36M) | Time:00:00.14 | Mem:0.00M, Peak:0.00M | Scene, ViewLayer | Synchronizing object | Roster unlettered line.012
Fra:1 Mem:50.37M (Peak 50.37M) | Time:00:00.14 | Mem:0.00M, Peak:0.00M | Scene, ViewLayer | Synchronizing object | Roster unlettered line.011
Fra:1 Mem:50.36M (Peak 50.37M) | Time:00:00.14 | Mem:0.00M, Peak:0.00M | Scene, ViewLayer | Synchronizing object | Door jamb.001
Fra:1 Mem:50.34M (Peak 50.37M) | Time:00:00.14 | Mem:0.00M, Peak:0.00M | Scene, ViewLayer | Synchronizing object | Door lintel
Fra:1 Mem:50.36M (Peak 50.37M) | Time:00:00.14 | Mem:0.00M, Peak:0.00M | Scene, ViewLayer | Synchronizing object | Door rivet
Fra:1 Mem:50.37M (Peak 50.37M) | Time:00:00.14 | Mem:0.00M, Peak:0.00M | Scene, ViewLayer | Synchronizing object | Roster pin.002
Fra:1 Mem:50.36M (Peak 50.37M) | Time:00:00.14 | Mem:0.00M, Peak:0.00M | Scene, ViewLayer | Synchronizing object | Public service sheet.002
Fra:1 Mem:50.37M (Peak 50.37M) | Time:00:00.14 | Mem:0.00M, Peak:0.00M | Scene, ViewLayer | Synchronizing object | Door rivet.001
Fra:1 Mem:50.37M (Peak 50.37M) | Time:00:00.14 | Mem:0.00M, Peak:0.00M | Scene, ViewLayer | Synchronizing object | Roster unlettered line.009
Fra:1 Mem:50.39M (Peak 50.39M) | Time:00:00.14 | Mem:0.00M, Peak:0.00M | Scene, ViewLayer | Synchronizing object | Door rivet.002
Fra:1 Mem:50.38M (Peak 50.39M) | Time:00:00.14 | Mem:0.00M, Peak:0.00M | Scene, ViewLayer | Synchronizing object | Roster unlettered line.008
Fra:1 Mem:50.39M (Peak 50.39M) | Time:00:00.14 | Mem:0.00M, Peak:0.00M | Scene, ViewLayer | Synchronizing object | Door rivet.003
Fra:1 Mem:50.40M (Peak 50.40M) | Time:00:00.14 | Mem:0.00M, Peak:0.00M | Scene, ViewLayer | Synchronizing object | Door rivet.004
Fra:1 Mem:50.40M (Peak 50.40M) | Time:00:00.14 | Mem:0.00M, Peak:0.00M | Scene, ViewLayer | Synchronizing object | Door rivet.005
Fra:1 Mem:50.40M (Peak 50.40M) | Time:00:00.14 | Mem:0.00M, Peak:0.00M | Scene, ViewLayer | Synchronizing object | Door rivet.007
Fra:1 Mem:50.40M (Peak 50.40M) | Time:00:00.14 | Mem:0.00M, Peak:0.00M | Scene, ViewLayer | Synchronizing object | Door rivet.009
Fra:1 Mem:50.40M (Peak 50.40M) | Time:00:00.14 | Mem:0.00M, Peak:0.00M | Scene, ViewLayer | Synchronizing object | Door rivet.010
Fra:1 Mem:50.41M (Peak 50.41M) | Time:00:00.14 | Mem:0.00M, Peak:0.00M | Scene, ViewLayer | Synchronizing object | Roster unlettered line.006
Fra:1 Mem:50.45M (Peak 50.45M) | Time:00:00.14 | Mem:0.00M, Peak:0.00M | Scene, ViewLayer | Synchronizing object | Door rivet.011
Fra:1 Mem:50.45M (Peak 50.45M) | Time:00:00.14 | Mem:0.00M, Peak:0.00M | Scene, ViewLayer | Synchronizing object | Door hinge
Fra:1 Mem:50.45M (Peak 50.45M) | Time:00:00.14 | Mem:0.00M, Peak:0.00M | Scene, ViewLayer | Synchronizing object | Door hinge.001
Fra:1 Mem:50.45M (Peak 50.45M) | Time:00:00.14 | Mem:0.00M, Peak:0.00M | Scene, ViewLayer | Synchronizing object | Door wheel hub
Fra:1 Mem:50.47M (Peak 50.47M) | Time:00:00.14 | Mem:0.00M, Peak:0.00M | Scene, ViewLayer | Synchronizing object | Brass hand wheel
Fra:1 Mem:50.49M (Peak 50.49M) | Time:00:00.14 | Mem:0.00M, Peak:0.00M | Scene, ViewLayer | Synchronizing object | Roster pin.001
Fra:1 Mem:50.51M (Peak 50.51M) | Time:00:00.14 | Mem:0.00M, Peak:0.00M | Scene, ViewLayer | Synchronizing object | Service hatch frame
Fra:1 Mem:50.51M (Peak 50.51M) | Time:00:00.14 | Mem:0.00M, Peak:0.00M | Scene, ViewLayer | Synchronizing object | Public service sheet.001
Fra:1 Mem:50.52M (Peak 50.52M) | Time:00:00.14 | Mem:0.00M, Peak:0.00M | Scene, ViewLayer | Synchronizing object | Roster unlettered line.004
Fra:1 Mem:50.53M (Peak 50.53M) | Time:00:00.14 | Mem:0.00M, Peak:0.00M | Scene, ViewLayer | Synchronizing object | Service ventilation slat
Fra:1 Mem:50.55M (Peak 50.55M) | Time:00:00.14 | Mem:0.00M, Peak:0.00M | Scene, ViewLayer | Synchronizing object | Service ventilation slat.001
Fra:1 Mem:50.56M (Peak 50.56M) | Time:00:00.14 | Mem:0.00M, Peak:0.00M | Scene, ViewLayer | Synchronizing object | Service ventilation slat.002
Fra:1 Mem:50.58M (Peak 50.58M) | Time:00:00.14 | Mem:0.00M, Peak:0.00M | Scene, ViewLayer | Synchronizing object | Roster unlettered line.002
Fra:1 Mem:50.62M (Peak 50.62M) | Time:00:00.14 | Mem:0.00M, Peak:0.00M | Scene, ViewLayer | Synchronizing object | Roster unlettered line.001
Fra:1 Mem:50.65M (Peak 50.65M) | Time:00:00.14 | Mem:0.00M, Peak:0.00M | Scene, ViewLayer | Synchronizing object | Roster unlettered line
Fra:1 Mem:50.62M (Peak 50.65M) | Time:00:00.14 | Mem:0.00M, Peak:0.00M | Scene, ViewLayer | Synchronizing object | Roster pin
Fra:1 Mem:50.63M (Peak 50.65M) | Time:00:00.14 | Mem:0.00M, Peak:0.00M | Scene, ViewLayer | Synchronizing object | Public service sheet
Fra:1 Mem:50.65M (Peak 50.65M) | Time:00:00.14 | Mem:0.00M, Peak:0.00M | Scene, ViewLayer | Synchronizing object | Roster oak frame
Fra:1 Mem:50.64M (Peak 50.65M) | Time:00:00.14 | Mem:0.00M, Peak:0.00M | Scene, ViewLayer | Synchronizing object | Service ventilation slat.003
Fra:1 Mem:50.65M (Peak 50.65M) | Time:00:00.14 | Mem:0.00M, Peak:0.00M | Scene, ViewLayer | Synchronizing object | Service ventilation slat.004
Fra:1 Mem:50.71M (Peak 50.71M) | Time:00:00.14 | Mem:0.00M, Peak:0.00M | Scene, ViewLayer | Initializing
Fra:1 Mem:37.85M (Peak 50.71M) | Time:00:00.15 | Mem:0.00M, Peak:0.00M | Scene, ViewLayer | Waiting for render to start
Fra:1 Mem:37.85M (Peak 50.71M) | Time:00:00.15 | Mem:0.00M, Peak:0.00M | Scene, ViewLayer | Updating Scene
Fra:1 Mem:37.85M (Peak 50.71M) | Time:00:00.15 | Mem:0.00M, Peak:0.00M | Scene, ViewLayer | Updating Shaders
Fra:1 Mem:37.85M (Peak 50.71M) | Time:00:00.15 | Mem:0.00M, Peak:0.00M | Scene, ViewLayer | Loading render kernels (may take a few minutes the first time)
Fra:1 Mem:37.94M (Peak 65.02M) | Time:00:00.27 | Mem:0.01M, Peak:0.01M | Scene, ViewLayer | Updating Procedurals
Fra:1 Mem:37.94M (Peak 65.02M) | Time:00:00.27 | Mem:0.01M, Peak:0.01M | Scene, ViewLayer | Updating Background
Fra:1 Mem:37.94M (Peak 65.02M) | Time:00:00.27 | Mem:0.01M, Peak:0.01M | Scene, ViewLayer | Updating Camera
Fra:1 Mem:37.94M (Peak 65.02M) | Time:00:00.27 | Mem:0.01M, Peak:0.01M | Scene, ViewLayer | Updating Meshes Flags
Fra:1 Mem:37.94M (Peak 65.02M) | Time:00:00.27 | Mem:0.01M, Peak:0.01M | Scene, ViewLayer | Updating Objects
Fra:1 Mem:37.94M (Peak 65.02M) | Time:00:00.27 | Mem:0.01M, Peak:0.01M | Scene, ViewLayer | Updating Objects | Copying Transformations to device
Fra:1 Mem:38.03M (Peak 65.02M) | Time:00:00.27 | Mem:0.10M, Peak:0.10M | Scene, ViewLayer | Updating Particle Systems
Fra:1 Mem:38.03M (Peak 65.02M) | Time:00:00.27 | Mem:0.10M, Peak:0.10M | Scene, ViewLayer | Updating Particle Systems | Copying Particles to device
Fra:1 Mem:38.03M (Peak 65.02M) | Time:00:00.27 | Mem:0.10M, Peak:0.10M | Scene, ViewLayer | Updating Meshes
Fra:1 Mem:38.03M (Peak 65.02M) | Time:00:00.27 | Mem:0.10M, Peak:0.10M | Scene, ViewLayer | Updating Objects | Applying Static Transformations
Fra:1 Mem:38.03M (Peak 65.02M) | Time:00:00.27 | Mem:0.10M, Peak:0.10M | Scene, ViewLayer | Updating Mesh | Computing attributes
Fra:1 Mem:38.89M (Peak 65.02M) | Time:00:00.27 | Mem:0.12M, Peak:0.12M | Scene, ViewLayer | Updating Mesh | Copying Attributes to device
Fra:1 Mem:38.85M (Peak 65.02M) | Time:00:00.27 | Mem:0.91M, Peak:0.91M | Scene, ViewLayer | Updating Scene BVH | Building
Fra:1 Mem:38.85M (Peak 65.02M) | Time:00:00.27 | Mem:0.91M, Peak:0.91M | Scene, ViewLayer | Updating Scene BVH | Building BVH
Fra:1 Mem:41.16M (Peak 65.02M) | Time:00:00.29 | Mem:0.91M, Peak:0.91M | Scene, ViewLayer | Updating Scene BVH | Packing BVH triangles and strands
Fra:1 Mem:41.31M (Peak 65.02M) | Time:00:00.29 | Mem:0.91M, Peak:0.91M | Scene, ViewLayer | Updating Scene BVH | Packing BVH nodes
Fra:1 Mem:41.53M (Peak 65.02M) | Time:00:00.29 | Mem:0.91M, Peak:0.91M | Scene, ViewLayer | Updating Scene BVH | Copying BVH to device
Fra:1 Mem:41.53M (Peak 65.02M) | Time:00:00.29 | Mem:2.25M, Peak:2.25M | Scene, ViewLayer | Updating Mesh | Computing normals
Fra:1 Mem:43.72M (Peak 65.02M) | Time:00:00.29 | Mem:2.25M, Peak:2.25M | Scene, ViewLayer | Updating Mesh | Copying Mesh to device
Fra:1 Mem:43.72M (Peak 65.02M) | Time:00:00.30 | Mem:4.44M, Peak:4.44M | Scene, ViewLayer | Updating Objects Flags
Fra:1 Mem:43.72M (Peak 65.02M) | Time:00:00.30 | Mem:4.44M, Peak:4.44M | Scene, ViewLayer | Updating Primitive Offsets
Fra:1 Mem:43.73M (Peak 65.02M) | Time:00:00.30 | Mem:4.44M, Peak:4.44M | Scene, ViewLayer | Updating Images
Fra:1 Mem:43.73M (Peak 65.02M) | Time:00:00.30 | Mem:4.44M, Peak:4.44M | Scene, ViewLayer | Updating Images | Loading tidal-brass.png
Fra:1 Mem:44.73M (Peak 65.02M) | Time:00:00.30 | Mem:4.44M, Peak:4.44M | Scene, ViewLayer | Updating Images | Loading harbor-limestone.png
Fra:1 Mem:45.74M (Peak 65.02M) | Time:00:00.31 | Mem:6.44M, Peak:6.44M | Scene, ViewLayer | Updating Camera Volume
Fra:1 Mem:45.74M (Peak 65.02M) | Time:00:00.31 | Mem:6.44M, Peak:6.44M | Scene, ViewLayer | Updating Lookup Tables
Fra:1 Mem:45.74M (Peak 65.02M) | Time:00:00.31 | Mem:6.53M, Peak:6.53M | Scene, ViewLayer | Updating Lights
Fra:1 Mem:45.74M (Peak 65.02M) | Time:00:00.31 | Mem:6.53M, Peak:6.53M | Scene, ViewLayer | Updating Lights | Computing tree
Fra:1 Mem:45.74M (Peak 65.02M) | Time:00:00.32 | Mem:6.53M, Peak:6.53M | Scene, ViewLayer | Updating Integrator
Fra:1 Mem:45.74M (Peak 65.02M) | Time:00:00.32 | Mem:6.53M, Peak:6.53M | Scene, ViewLayer | Updating Film
Fra:1 Mem:45.74M (Peak 65.02M) | Time:00:00.32 | Mem:6.45M, Peak:6.53M | Scene, ViewLayer | Updating Lookup Tables
Fra:1 Mem:45.74M (Peak 65.02M) | Time:00:00.32 | Mem:6.53M, Peak:6.53M | Scene, ViewLayer | Updating Baking
Fra:1 Mem:45.74M (Peak 65.02M) | Time:00:00.32 | Mem:6.53M, Peak:6.53M | Scene, ViewLayer | Updating Device | Writing constant memory
Fra:1 Mem:45.75M (Peak 65.02M) | Time:00:00.32 | Mem:6.53M, Peak:6.53M | Scene, ViewLayer | Loading denoising kernels (may take a few minutes the first time)
Fra:1 Mem:53.45M (Peak 65.02M) | Time:00:00.34 | Mem:683.04M, Peak:683.04M | Scene, ViewLayer | Sample 0/48
Fra:1 Mem:192.61M (Peak 192.61M) | Time:00:00.46 | Remaining:00:05.74 | Mem:822.21M, Peak:822.21M | Scene, ViewLayer | Sample 1/48
Fra:1 Mem:251.21M (Peak 339.10M) | Time:00:09.01 | Mem:822.21M, Peak:822.21M | Scene, ViewLayer | Sample 48/48
Fra:1 Mem:251.21M (Peak 339.10M) | Time:00:09.01 | Mem:822.21M, Peak:822.21M | Scene, ViewLayer | Finished
Saved: 'C:\Users\Hermes\Projects\Operator Special Forces Dungeon and Dragons\campaigns\the-unwritten-coast\discovery-atlas\art\architecture\r01-floor-slice.png'
Time: 00:09.27 (Saving: 00:00.17)

Fra:1 Mem:46.79M (Peak 46.79M) | Time:00:00.09 | Mem:0.00M, Peak:0.00M | Scene, ViewLayer | Synchronizing object | Foundation
Fra:1 Mem:46.79M (Peak 46.79M) | Time:00:00.09 | Mem:0.00M, Peak:0.00M | Scene, ViewLayer | Synchronizing object | Individual limestone flag.002
Fra:1 Mem:46.80M (Peak 46.80M) | Time:00:00.09 | Mem:0.00M, Peak:0.00M | Scene, ViewLayer | Synchronizing object | Individual limestone flag.003
Fra:1 Mem:46.81M (Peak 46.81M) | Time:00:00.09 | Mem:0.00M, Peak:0.00M | Scene, ViewLayer | Synchronizing object | Individual limestone flag.004
Fra:1 Mem:46.91M (Peak 46.91M) | Time:00:00.09 | Mem:0.00M, Peak:0.00M | Scene, ViewLayer | Synchronizing object | Individual limestone flag.005
Fra:1 Mem:46.97M (Peak 46.97M) | Time:00:00.09 | Mem:0.00M, Peak:0.00M | Scene, ViewLayer | Synchronizing object | Individual limestone flag.006
Fra:1 Mem:46.94M (Peak 46.97M) | Time:00:00.09 | Mem:0.00M, Peak:0.00M | Scene, ViewLayer | Synchronizing object | Individual limestone flag.008
Fra:1 Mem:46.97M (Peak 46.97M) | Time:00:00.09 | Mem:0.00M, Peak:0.00M | Scene, ViewLayer | Synchronizing object | Individual limestone flag.009
Fra:1 Mem:47.06M (Peak 47.06M) | Time:00:00.09 | Mem:0.00M, Peak:0.00M | Scene, ViewLayer | Synchronizing object | Individual limestone flag.010
Fra:1 Mem:47.08M (Peak 47.08M) | Time:00:00.09 | Mem:0.00M, Peak:0.00M | Scene, ViewLayer | Synchronizing object | Individual limestone flag.011
Fra:1 Mem:47.10M (Peak 47.10M) | Time:00:00.09 | Mem:0.00M, Peak:0.00M | Scene, ViewLayer | Synchronizing object | Individual limestone flag.012
Fra:1 Mem:47.09M (Peak 47.10M) | Time:00:00.09 | Mem:0.00M, Peak:0.00M | Scene, ViewLayer | Synchronizing object | Individual limestone flag.013
Fra:1 Mem:47.14M (Peak 47.14M) | Time:00:00.09 | Mem:0.00M, Peak:0.00M | Scene, ViewLayer | Synchronizing object | Individual limestone flag.014
Fra:1 Mem:47.16M (Peak 47.16M) | Time:00:00.09 | Mem:0.00M, Peak:0.00M | Scene, ViewLayer | Synchronizing object | Individual limestone flag.015
Fra:1 Mem:47.23M (Peak 47.23M) | Time:00:00.09 | Mem:0.00M, Peak:0.00M | Scene, ViewLayer | Synchronizing object | Individual limestone flag.016
Fra:1 Mem:47.21M (Peak 47.23M) | Time:00:00.09 | Mem:0.00M, Peak:0.00M | Scene, ViewLayer | Synchronizing object | Individual limestone flag.017
Fra:1 Mem:47.21M (Peak 47.23M) | Time:00:00.09 | Mem:0.00M, Peak:0.00M | Scene, ViewLayer | Synchronizing object | Individual limestone flag.018
Fra:1 Mem:47.24M (Peak 47.24M) | Time:00:00.09 | Mem:0.00M, Peak:0.00M | Scene, ViewLayer | Synchronizing object | Individual limestone flag.019
Fra:1 Mem:47.27M (Peak 47.27M) | Time:00:00.09 | Mem:0.00M, Peak:0.00M | Scene, ViewLayer | Synchronizing object | Individual limestone flag.020
Fra:1 Mem:47.30M (Peak 47.30M) | Time:00:00.09 | Mem:0.00M, Peak:0.00M | Scene, ViewLayer | Synchronizing object | Individual limestone flag.021
Fra:1 Mem:47.31M (Peak 47.31M) | Time:00:00.09 | Mem:0.00M, Peak:0.00M | Scene, ViewLayer | Synchronizing object | Individual limestone flag.022
Fra:1 Mem:47.34M (Peak 47.34M) | Time:00:00.09 | Mem:0.00M, Peak:0.00M | Scene, ViewLayer | Synchronizing object | Individual limestone flag.023
Fra:1 Mem:47.38M (Peak 47.38M) | Time:00:00.09 | Mem:0.00M, Peak:0.00M | Scene, ViewLayer | Synchronizing object | Individual limestone flag.024
Fra:1 Mem:47.39M (Peak 47.39M) | Time:00:00.09 | Mem:0.00M, Peak:0.00M | Scene, ViewLayer | Synchronizing object | Individual limestone flag.025
Fra:1 Mem:47.39M (Peak 47.39M) | Time:00:00.09 | Mem:0.00M, Peak:0.00M | Scene, ViewLayer | Synchronizing object | Individual limestone flag.027
Fra:1 Mem:47.40M (Peak 47.40M) | Time:00:00.09 | Mem:0.00M, Peak:0.00M | Scene, ViewLayer | Synchronizing object | Individual limestone flag.028
Fra:1 Mem:47.47M (Peak 47.48M) | Time:00:00.09 | Mem:0.00M, Peak:0.00M | Scene, ViewLayer | Synchronizing object | Individual limestone flag.029
Fra:1 Mem:47.51M (Peak 47.51M) | Time:00:00.09 | Mem:0.00M, Peak:0.00M | Scene, ViewLayer | Synchronizing object | Individual limestone flag.030
Fra:1 Mem:47.51M (Peak 47.51M) | Time:00:00.09 | Mem:0.00M, Peak:0.00M | Scene, ViewLayer | Synchronizing object | Individual limestone flag.032
Fra:1 Mem:47.54M (Peak 47.54M) | Time:00:00.09 | Mem:0.00M, Peak:0.00M | Scene, ViewLayer | Synchronizing object | Individual limestone flag.033
Fra:1 Mem:47.55M (Peak 47.55M) | Time:00:00.09 | Mem:0.00M, Peak:0.00M | Scene, ViewLayer | Synchronizing object | Individual limestone flag.034
Fra:1 Mem:47.62M (Peak 47.62M) | Time:00:00.09 | Mem:0.00M, Peak:0.00M | Scene, ViewLayer | Synchronizing object | Individual limestone flag.035
Fra:1 Mem:47.62M (Peak 47.62M) | Time:00:00.09 | Mem:0.00M, Peak:0.00M | Scene, ViewLayer | Synchronizing object | Individual limestone flag.036
Fra:1 Mem:47.65M (Peak 47.65M) | Time:00:00.09 | Mem:0.00M, Peak:0.00M | Scene, ViewLayer | Synchronizing object | Individual limestone flag.037
Fra:1 Mem:47.67M (Peak 47.67M) | Time:00:00.09 | Mem:0.00M, Peak:0.00M | Scene, ViewLayer | Synchronizing object | Individual limestone flag.038
Fra:1 Mem:47.67M (Peak 47.67M) | Time:00:00.09 | Mem:0.00M, Peak:0.00M | Scene, ViewLayer | Synchronizing object | Individual limestone flag.039
Fra:1 Mem:47.71M (Peak 47.71M) | Time:00:00.09 | Mem:0.00M, Peak:0.00M | Scene, ViewLayer | Synchronizing object | Individual limestone flag.040
Fra:1 Mem:47.71M (Peak 47.71M) | Time:00:00.09 | Mem:0.00M, Peak:0.00M | Scene, ViewLayer | Synchronizing object | Individual limestone flag.041
Fra:1 Mem:47.74M (Peak 47.74M) | Time:00:00.09 | Mem:0.00M, Peak:0.00M | Scene, ViewLayer | Synchronizing object | Individual limestone flag.042
Fra:1 Mem:47.74M (Peak 47.74M) | Time:00:00.09 | Mem:0.00M, Peak:0.00M | Scene, ViewLayer | Synchronizing object | Individual limestone flag.043
Fra:1 Mem:47.81M (Peak 47.81M) | Time:00:00.09 | Mem:0.00M, Peak:0.00M | Scene, ViewLayer | Synchronizing object | Individual limestone flag.044
Fra:1 Mem:47.79M (Peak 47.81M) | Time:00:00.09 | Mem:0.00M, Peak:0.00M | Scene, ViewLayer | Synchronizing object | Individual limestone flag.045
Fra:1 Mem:47.86M (Peak 47.86M) | Time:00:00.09 | Mem:0.00M, Peak:0.00M | Scene, ViewLayer | Synchronizing object | Individual limestone flag.046
Fra:1 Mem:47.87M (Peak 47.87M) | Time:00:00.09 | Mem:0.00M, Peak:0.00M | Scene, ViewLayer | Synchronizing object | Individual limestone flag.047
Fra:1 Mem:47.87M (Peak 47.87M) | Time:00:00.09 | Mem:0.00M, Peak:0.00M | Scene, ViewLayer | Synchronizing object | Individual limestone flag.048
Fra:1 Mem:47.92M (Peak 47.92M) | Time:00:00.09 | Mem:0.00M, Peak:0.00M | Scene, ViewLayer | Synchronizing object | Individual limestone flag.049
Fra:1 Mem:47.91M (Peak 47.92M) | Time:00:00.09 | Mem:0.00M, Peak:0.00M | Scene, ViewLayer | Synchronizing object | Individual limestone flag.051
Fra:1 Mem:47.98M (Peak 47.98M) | Time:00:00.09 | Mem:0.00M, Peak:0.00M | Scene, ViewLayer | Synchronizing object | Individual limestone flag.052
Fra:1 Mem:48.00M (Peak 48.00M) | Time:00:00.09 | Mem:0.00M, Peak:0.00M | Scene, ViewLayer | Synchronizing object | Individual limestone flag.053
Fra:1 Mem:48.01M (Peak 48.01M) | Time:00:00.09 | Mem:0.00M, Peak:0.00M | Scene, ViewLayer | Synchronizing object | Individual limestone flag.054
Fra:1 Mem:48.01M (Peak 48.01M) | Time:00:00.09 | Mem:0.00M, Peak:0.00M | Scene, ViewLayer | Synchronizing object | Individual limestone flag.055
Fra:1 Mem:48.04M (Peak 48.04M) | Time:00:00.09 | Mem:0.00M, Peak:0.00M | Scene, ViewLayer | Synchronizing object | Individual limestone flag.056
Fra:1 Mem:48.07M (Peak 48.07M) | Time:00:00.09 | Mem:0.00M, Peak:0.00M | Scene, ViewLayer | Synchronizing object | Individual limestone flag.057
Fra:1 Mem:48.08M (Peak 48.08M) | Time:00:00.09 | Mem:0.00M, Peak:0.00M | Scene, ViewLayer | Synchronizing object | Individual limestone flag.058
Fra:1 Mem:48.14M (Peak 48.14M) | Time:00:00.09 | Mem:0.00M, Peak:0.00M | Scene, ViewLayer | Synchronizing object | Individual limestone flag.059
Fra:1 Mem:48.12M (Peak 48.14M) | Time:00:00.09 | Mem:0.00M, Peak:0.00M | Scene, ViewLayer | Synchronizing object | Individual limestone flag.060
Fra:1 Mem:48.17M (Peak 48.17M) | Time:00:00.09 | Mem:0.00M, Peak:0.00M | Scene, ViewLayer | Synchronizing object | Individual limestone flag.061
Fra:1 Mem:48.19M (Peak 48.19M) | Time:00:00.09 | Mem:0.00M, Peak:0.00M | Scene, ViewLayer | Synchronizing object | Individual limestone flag.062
Fra:1 Mem:48.22M (Peak 48.22M) | Time:00:00.09 | Mem:0.00M, Peak:0.00M | Scene, ViewLayer | Synchronizing object | Individual limestone flag.063
Fra:1 Mem:48.20M (Peak 48.22M) | Time:00:00.09 | Mem:0.00M, Peak:0.00M | Scene, ViewLayer | Synchronizing object | Individual limestone flag.064
Fra:1 Mem:48.23M (Peak 48.23M) | Time:00:00.09 | Mem:0.00M, Peak:0.00M | Scene, ViewLayer | Synchronizing object | Individual limestone flag.065
Fra:1 Mem:48.27M (Peak 48.27M) | Time:00:00.09 | Mem:0.00M, Peak:0.00M | Scene, ViewLayer | Synchronizing object | Individual limestone flag.066
Fra:1 Mem:48.29M (Peak 48.29M) | Time:00:00.09 | Mem:0.00M, Peak:0.00M | Scene, ViewLayer | Synchronizing object | Individual limestone flag.067
Fra:1 Mem:48.31M (Peak 48.31M) | Time:00:00.09 | Mem:0.00M, Peak:0.00M | Scene, ViewLayer | Synchronizing object | Individual limestone flag.068
Fra:1 Mem:48.34M (Peak 48.34M) | Time:00:00.09 | Mem:0.00M, Peak:0.00M | Scene, ViewLayer | Synchronizing object | Individual limestone flag.069
Fra:1 Mem:48.35M (Peak 48.35M) | Time:00:00.09 | Mem:0.00M, Peak:0.00M | Scene, ViewLayer | Synchronizing object | Individual limestone flag.070
Fra:1 Mem:48.39M (Peak 48.39M) | Time:00:00.09 | Mem:0.00M, Peak:0.00M | Scene, ViewLayer | Synchronizing object | Individual limestone flag.071
Fra:1 Mem:48.40M (Peak 48.40M) | Time:00:00.09 | Mem:0.00M, Peak:0.00M | Scene, ViewLayer | Synchronizing object | Individual limestone flag.072
Fra:1 Mem:48.42M (Peak 48.42M) | Time:00:00.09 | Mem:0.00M, Peak:0.00M | Scene, ViewLayer | Synchronizing object | Individual limestone flag.073
Fra:1 Mem:48.46M (Peak 48.46M) | Time:00:00.09 | Mem:0.00M, Peak:0.00M | Scene, ViewLayer | Synchronizing object | Individual limestone flag.075
Fra:1 Mem:48.47M (Peak 48.47M) | Time:00:00.09 | Mem:0.00M, Peak:0.00M | Scene, ViewLayer | Synchronizing object | Individual limestone flag.074
Fra:1 Mem:48.47M (Peak 48.47M) | Time:00:00.09 | Mem:0.00M, Peak:0.00M | Scene, ViewLayer | Synchronizing object | Individual limestone flag.076
Fra:1 Mem:48.52M (Peak 48.52M) | Time:00:00.09 | Mem:0.00M, Peak:0.00M | Scene, ViewLayer | Synchronizing object | Individual limestone flag.077
Fra:1 Mem:48.55M (Peak 48.55M) | Time:00:00.09 | Mem:0.00M, Peak:0.00M | Scene, ViewLayer | Synchronizing object | Individual limestone flag.078
Fra:1 Mem:48.56M (Peak 48.56M) | Time:00:00.09 | Mem:0.00M, Peak:0.00M | Scene, ViewLayer | Synchronizing object | Individual limestone flag.079
Fra:1 Mem:48.57M (Peak 48.57M) | Time:00:00.09 | Mem:0.00M, Peak:0.00M | Scene, ViewLayer | Synchronizing object | Individual limestone flag.080
Fra:1 Mem:48.61M (Peak 48.61M) | Time:00:00.09 | Mem:0.00M, Peak:0.00M | Scene, ViewLayer | Synchronizing object | Individual limestone flag.081
Fra:1 Mem:48.63M (Peak 48.63M) | Time:00:00.09 | Mem:0.00M, Peak:0.00M | Scene, ViewLayer | Synchronizing object | Individual limestone flag.082
Fra:1 Mem:48.63M (Peak 48.63M) | Time:00:00.10 | Mem:0.00M, Peak:0.00M | Scene, ViewLayer | Synchronizing object | Individual limestone flag.083
Fra:1 Mem:48.68M (Peak 48.68M) | Time:00:00.10 | Mem:0.00M, Peak:0.00M | Scene, ViewLayer | Synchronizing object | Individual limestone flag.084
Fra:1 Mem:48.69M (Peak 48.69M) | Time:00:00.10 | Mem:0.00M, Peak:0.00M | Scene, ViewLayer | Synchronizing object | Soft ceiling bounce
Fra:1 Mem:48.68M (Peak 48.69M) | Time:00:00.10 | Mem:0.00M, Peak:0.00M | Scene, ViewLayer | Synchronizing object | Cool coastal fill
Fra:1 Mem:48.71M (Peak 48.71M) | Time:00:00.10 | Mem:0.00M, Peak:0.00M | Scene, ViewLayer | Synchronizing object | Warm maintenance lamp.001
Fra:1 Mem:48.71M (Peak 48.71M) | Time:00:00.10 | Mem:0.00M, Peak:0.00M | Scene, ViewLayer | Synchronizing object | Individual limestone flag.086
Fra:1 Mem:48.69M (Peak 48.71M) | Time:00:00.10 | Mem:0.00M, Peak:0.00M | Scene, ViewLayer | Synchronizing object | Individual limestone flag.087
Fra:1 Mem:48.76M (Peak 48.76M) | Time:00:00.10 | Mem:0.00M, Peak:0.00M | Scene, ViewLayer | Synchronizing object | Woven mat stitch.014
Fra:1 Mem:48.72M (Peak 48.76M) | Time:00:00.10 | Mem:0.00M, Peak:0.00M | Scene, ViewLayer | Synchronizing object | Individual limestone flag.088
Fra:1 Mem:48.75M (Peak 48.76M) | Time:00:00.10 | Mem:0.00M, Peak:0.00M | Scene, ViewLayer | Synchronizing object | Individual limestone flag.089
Fra:1 Mem:48.76M (Peak 48.76M) | Time:00:00.10 | Mem:0.00M, Peak:0.00M | Scene, ViewLayer | Synchronizing object | Woven mat stitch.013
Fra:1 Mem:48.78M (Peak 48.78M) | Time:00:00.10 | Mem:0.00M, Peak:0.00M | Scene, ViewLayer | Synchronizing object | Woven mat stitch.012
Fra:1 Mem:48.84M (Peak 48.84M) | Time:00:00.10 | Mem:0.00M, Peak:0.00M | Scene, ViewLayer | Synchronizing object | Woven mat stitch.011
Fra:1 Mem:48.81M (Peak 48.84M) | Time:00:00.10 | Mem:0.00M, Peak:0.00M | Scene, ViewLayer | Synchronizing object | Individual limestone flag.090
Fra:1 Mem:48.81M (Peak 48.84M) | Time:00:00.10 | Mem:0.00M, Peak:0.00M | Scene, ViewLayer | Synchronizing object | Individual limestone flag.091
Fra:1 Mem:48.86M (Peak 48.86M) | Time:00:00.10 | Mem:0.00M, Peak:0.00M | Scene, ViewLayer | Synchronizing object | Woven mat stitch.009
Fra:1 Mem:48.86M (Peak 48.86M) | Time:00:00.10 | Mem:0.00M, Peak:0.00M | Scene, ViewLayer | Synchronizing object | Individual limestone flag.092
Fra:1 Mem:48.84M (Peak 48.86M) | Time:00:00.10 | Mem:0.00M, Peak:0.00M | Scene, ViewLayer | Synchronizing object | Woven mat stitch.008
Fra:1 Mem:48.86M (Peak 48.86M) | Time:00:00.10 | Mem:0.00M, Peak:0.00M | Scene, ViewLayer | Synchronizing object | Individual limestone flag.093
Fra:1 Mem:48.87M (Peak 48.87M) | Time:00:00.10 | Mem:0.00M, Peak:0.00M | Scene, ViewLayer | Synchronizing object | Individual limestone flag.094
Fra:1 Mem:48.89M (Peak 48.89M) | Time:00:00.10 | Mem:0.00M, Peak:0.00M | Scene, ViewLayer | Synchronizing object | Individual limestone flag.095
Fra:1 Mem:48.92M (Peak 48.92M) | Time:00:00.10 | Mem:0.00M, Peak:0.00M | Scene, ViewLayer | Synchronizing object | Woven mat stitch.006
Fra:1 Mem:48.94M (Peak 48.94M) | Time:00:00.10 | Mem:0.00M, Peak:0.00M | Scene, ViewLayer | Synchronizing object | North ashlar
Fra:1 Mem:48.95M (Peak 48.95M) | Time:00:00.10 | Mem:0.00M, Peak:0.00M | Scene, ViewLayer | Synchronizing object | Woven mat stitch.005
Fra:1 Mem:48.99M (Peak 48.99M) | Time:00:00.10 | Mem:0.00M, Peak:0.00M | Scene, ViewLayer | Synchronizing object | Woven mat stitch.004
Fra:1 Mem:48.97M (Peak 48.99M) | Time:00:00.10 | Mem:0.00M, Peak:0.00M | Scene, ViewLayer | Synchronizing object | North ashlar.001
Fra:1 Mem:48.97M (Peak 48.99M) | Time:00:00.10 | Mem:0.00M, Peak:0.00M | Scene, ViewLayer | Synchronizing object | Woven mat stitch.003
Fra:1 Mem:49.00M (Peak 49.00M) | Time:00:00.10 | Mem:0.00M, Peak:0.00M | Scene, ViewLayer | Synchronizing object | Woven mat stitch.002
Fra:1 Mem:48.97M (Peak 49.00M) | Time:00:00.10 | Mem:0.00M, Peak:0.00M | Scene, ViewLayer | Synchronizing object | North ashlar.003
Fra:1 Mem:49.00M (Peak 49.00M) | Time:00:00.10 | Mem:0.00M, Peak:0.00M | Scene, ViewLayer | Synchronizing object | North ashlar.004
Fra:1 Mem:49.03M (Peak 49.03M) | Time:00:00.10 | Mem:0.00M, Peak:0.00M | Scene, ViewLayer | Synchronizing object | Woven mat stitch.001
Fra:1 Mem:49.04M (Peak 49.04M) | Time:00:00.10 | Mem:0.00M, Peak:0.00M | Scene, ViewLayer | Synchronizing object | North ashlar.005
Fra:1 Mem:49.03M (Peak 49.04M) | Time:00:00.10 | Mem:0.00M, Peak:0.00M | Scene, ViewLayer | Synchronizing object | Woven mat stitch
Fra:1 Mem:49.06M (Peak 49.06M) | Time:00:00.10 | Mem:0.00M, Peak:0.00M | Scene, ViewLayer | Synchronizing object | North ashlar.006
Fra:1 Mem:49.08M (Peak 49.08M) | Time:00:00.10 | Mem:0.00M, Peak:0.00M | Scene, ViewLayer | Synchronizing object | Umbrella hooked handle.003
Fra:1 Mem:49.09M (Peak 49.09M) | Time:00:00.10 | Mem:0.00M, Peak:0.00M | Scene, ViewLayer | Synchronizing object | North ashlar.007
Fra:1 Mem:49.09M (Peak 49.09M) | Time:00:00.10 | Mem:0.00M, Peak:0.00M | Scene, ViewLayer | Synchronizing object | Umbrella hooked handle.002
Fra:1 Mem:49.11M (Peak 49.11M) | Time:00:00.10 | Mem:0.00M, Peak:0.00M | Scene, ViewLayer | Synchronizing object | North ashlar.008
Fra:1 Mem:49.13M (Peak 49.13M) | Time:00:00.10 | Mem:0.00M, Peak:0.00M | Scene, ViewLayer | Synchronizing object | Umbrella hooked handle.001
Fra:1 Mem:49.14M (Peak 49.14M) | Time:00:00.10 | Mem:0.00M, Peak:0.00M | Scene, ViewLayer | Synchronizing object | West ashlar.001
Fra:1 Mem:49.14M (Peak 49.14M) | Time:00:00.10 | Mem:0.00M, Peak:0.00M | Scene, ViewLayer | Synchronizing object | Umbrella hooked handle
Fra:1 Mem:49.14M (Peak 49.14M) | Time:00:00.10 | Mem:0.00M, Peak:0.00M | Scene, ViewLayer | Synchronizing object | West ashlar.002
Fra:1 Mem:49.18M (Peak 49.18M) | Time:00:00.10 | Mem:0.00M, Peak:0.00M | Scene, ViewLayer | Synchronizing object | West ashlar.003
Fra:1 Mem:49.23M (Peak 49.23M) | Time:00:00.10 | Mem:0.00M, Peak:0.00M | Scene, ViewLayer | Synchronizing object | North ashlar.009
Fra:1 Mem:49.20M (Peak 49.23M) | Time:00:00.10 | Mem:0.00M, Peak:0.00M | Scene, ViewLayer | Synchronizing object | North ashlar.011
Fra:1 Mem:49.33M (Peak 49.33M) | Time:00:00.10 | Mem:0.00M, Peak:0.00M | Scene, ViewLayer | Synchronizing object | Wheel spoke.003
Fra:1 Mem:49.31M (Peak 49.33M) | Time:00:00.10 | Mem:0.00M, Peak:0.00M | Scene, ViewLayer | Synchronizing object | North ashlar.012
Fra:1 Mem:49.32M (Peak 49.33M) | Time:00:00.10 | Mem:0.00M, Peak:0.00M | Scene, ViewLayer | Synchronizing object | Wheel spoke.002
Fra:1 Mem:49.33M (Peak 49.33M) | Time:00:00.10 | Mem:0.00M, Peak:0.00M | Scene, ViewLayer | Synchronizing object | Wheel spoke.001
Fra:1 Mem:49.34M (Peak 49.34M) | Time:00:00.10 | Mem:0.00M, Peak:0.00M | Scene, ViewLayer | Synchronizing object | North ashlar.013
Fra:1 Mem:49.32M (Peak 49.34M) | Time:00:00.10 | Mem:0.00M, Peak:0.00M | Scene, ViewLayer | Synchronizing object | North ashlar.015
Fra:1 Mem:49.33M (Peak 49.34M) | Time:00:00.10 | Mem:0.00M, Peak:0.00M | Scene, ViewLayer | Synchronizing object | North ashlar.016
Fra:1 Mem:49.35M (Peak 49.35M) | Time:00:00.10 | Mem:0.00M, Peak:0.00M | Scene, ViewLayer | Synchronizing object | West ashlar.004
Fra:1 Mem:49.35M (Peak 49.35M) | Time:00:00.10 | Mem:0.00M, Peak:0.00M | Scene, ViewLayer | Synchronizing object | Chair seat dent
Fra:1 Mem:49.40M (Peak 49.40M) | Time:00:00.10 | Mem:0.00M, Peak:0.00M | Scene, ViewLayer | Synchronizing object | West ashlar.005
Fra:1 Mem:49.44M (Peak 49.44M) | Time:00:00.10 | Mem:0.00M, Peak:0.00M | Scene, ViewLayer | Synchronizing object | West ashlar.006
Fra:1 Mem:49.48M (Peak 49.48M) | Time:00:00.10 | Mem:0.00M, Peak:0.00M | Scene, ViewLayer | Synchronizing object | Chair-shaped dent
Fra:1 Mem:49.51M (Peak 49.51M) | Time:00:00.10 | Mem:0.00M, Peak:0.00M | Scene, ViewLayer | Synchronizing object | West ashlar.007
Fra:1 Mem:49.52M (Peak 49.52M) | Time:00:00.10 | Mem:0.00M, Peak:0.00M | Scene, ViewLayer | Synchronizing object | Fine worn joint.005
Fra:1 Mem:49.48M (Peak 49.52M) | Time:00:00.10 | Mem:0.00M, Peak:0.00M | Scene, ViewLayer | Synchronizing object | North ashlar.018
Fra:1 Mem:49.50M (Peak 49.52M) | Time:00:00.10 | Mem:0.00M, Peak:0.00M | Scene, ViewLayer | Synchronizing object | Fine worn joint.004
Fra:1 Mem:49.55M (Peak 49.55M) | Time:00:00.10 | Mem:0.00M, Peak:0.00M | Scene, ViewLayer | Synchronizing object | Fine worn joint.003
Fra:1 Mem:49.55M (Peak 49.55M) | Time:00:00.10 | Mem:0.00M, Peak:0.00M | Scene, ViewLayer | Synchronizing object | North ashlar.020
Fra:1 Mem:49.54M (Peak 49.55M) | Time:00:00.10 | Mem:0.00M, Peak:0.00M | Scene, ViewLayer | Synchronizing object | North ashlar.021
Fra:1 Mem:49.55M (Peak 49.55M) | Time:00:00.10 | Mem:0.00M, Peak:0.00M | Scene, ViewLayer | Synchronizing object | North ashlar.023
Fra:1 Mem:49.63M (Peak 49.63M) | Time:00:00.10 | Mem:0.00M, Peak:0.00M | Scene, ViewLayer | Synchronizing object | North ashlar.024
Fra:1 Mem:49.63M (Peak 49.63M) | Time:00:00.10 | Mem:0.00M, Peak:0.00M | Scene, ViewLayer | Synchronizing object | North ashlar.025
Fra:1 Mem:49.71M (Peak 49.71M) | Time:00:00.10 | Mem:0.00M, Peak:0.00M | Scene, ViewLayer | Synchronizing object | Fine worn joint.001
Fra:1 Mem:49.71M (Peak 49.71M) | Time:00:00.10 | Mem:0.00M, Peak:0.00M | Scene, ViewLayer | Synchronizing object | Fine worn joint
Fra:1 Mem:49.69M (Peak 49.71M) | Time:00:00.10 | Mem:0.00M, Peak:0.00M | Scene, ViewLayer | Synchronizing object | Presentation ground
Fra:1 Mem:49.71M (Peak 49.71M) | Time:00:00.10 | Mem:0.00M, Peak:0.00M | Scene, ViewLayer | Synchronizing object | North ashlar.026
Fra:1 Mem:49.71M (Peak 49.71M) | Time:00:00.10 | Mem:0.00M, Peak:0.00M | Scene, ViewLayer | Synchronizing object | West ashlar.008
Fra:1 Mem:49.73M (Peak 49.73M) | Time:00:00.10 | Mem:0.00M, Peak:0.00M | Scene, ViewLayer | Synchronizing object | West ashlar.009
Fra:1 Mem:49.75M (Peak 49.75M) | Time:00:00.10 | Mem:0.00M, Peak:0.00M | Scene, ViewLayer | Synchronizing object | West ashlar.011
Fra:1 Mem:49.74M (Peak 49.75M) | Time:00:00.10 | Mem:0.00M, Peak:0.00M | Scene, ViewLayer | Synchronizing object | Lantern cage.006
Fra:1 Mem:49.88M (Peak 49.88M) | Time:00:00.10 | Mem:0.00M, Peak:0.00M | Scene, ViewLayer | Synchronizing object | Lantern cage.005
Fra:1 Mem:49.84M (Peak 49.88M) | Time:00:00.10 | Mem:0.00M, Peak:0.00M | Scene, ViewLayer | Synchronizing object | North ashlar.029
Fra:1 Mem:49.85M (Peak 49.88M) | Time:00:00.10 | Mem:0.00M, Peak:0.00M | Scene, ViewLayer | Synchronizing object | North ashlar.030
Fra:1 Mem:49.85M (Peak 49.88M) | Time:00:00.10 | Mem:0.00M, Peak:0.00M | Scene, ViewLayer | Synchronizing object | North ashlar.031
Fra:1 Mem:49.89M (Peak 49.89M) | Time:00:00.10 | Mem:0.00M, Peak:0.00M | Scene, ViewLayer | Synchronizing object | Lantern cap.001
Fra:1 Mem:49.91M (Peak 49.91M) | Time:00:00.10 | Mem:0.00M, Peak:0.00M | Scene, ViewLayer | Synchronizing object | North ashlar.033
Fra:1 Mem:49.90M (Peak 49.91M) | Time:00:00.10 | Mem:0.00M, Peak:0.00M | Scene, ViewLayer | Synchronizing object | North ashlar.034
Fra:1 Mem:49.94M (Peak 49.94M) | Time:00:00.10 | Mem:0.00M, Peak:0.00M | Scene, ViewLayer | Synchronizing object | Lantern base.001
Fra:1 Mem:49.96M (Peak 49.96M) | Time:00:00.10 | Mem:0.00M, Peak:0.00M | Scene, ViewLayer | Synchronizing object | Sconce bracket.001
Fra:1 Mem:49.99M (Peak 49.99M) | Time:00:00.10 | Mem:0.00M, Peak:0.00M | Scene, ViewLayer | Synchronizing object | North ashlar.035
Fra:1 Mem:49.95M (Peak 49.99M) | Time:00:00.10 | Mem:0.00M, Peak:0.00M | Scene, ViewLayer | Synchronizing object | West ashlar.012
Fra:1 Mem:49.98M (Peak 49.99M) | Time:00:00.10 | Mem:0.00M, Peak:0.00M | Scene, ViewLayer | Synchronizing object | West ashlar.013
Fra:1 Mem:50.01M (Peak 50.01M) | Time:00:00.10 | Mem:0.00M, Peak:0.00M | Scene, ViewLayer | Synchronizing object | West ashlar.014
Fra:1 Mem:50.04M (Peak 50.04M) | Time:00:00.10 | Mem:0.00M, Peak:0.00M | Scene, ViewLayer | Synchronizing object | Lantern cage.002
Fra:1 Mem:50.03M (Peak 50.04M) | Time:00:00.10 | Mem:0.00M, Peak:0.00M | Scene, ViewLayer | Synchronizing object | West ashlar.015
Fra:1 Mem:50.05M (Peak 50.05M) | Time:00:00.10 | Mem:0.00M, Peak:0.00M | Scene, ViewLayer | Synchronizing object | Lantern cage.001
Fra:1 Mem:50.06M (Peak 50.07M) | Time:00:00.10 | Mem:0.00M, Peak:0.00M | Scene, ViewLayer | Synchronizing object | Lantern cage
Fra:1 Mem:50.05M (Peak 50.07M) | Time:00:00.10 | Mem:0.00M, Peak:0.00M | Scene, ViewLayer | Synchronizing object | North ashlar.036
Fra:1 Mem:50.05M (Peak 50.07M) | Time:00:00.10 | Mem:0.00M, Peak:0.00M | Scene, ViewLayer | Synchronizing object | North ashlar.038
Fra:1 Mem:50.06M (Peak 50.07M) | Time:00:00.10 | Mem:0.00M, Peak:0.00M | Scene, ViewLayer | Synchronizing object | North ashlar.039
Fra:1 Mem:50.04M (Peak 50.07M) | Time:00:00.10 | Mem:0.00M, Peak:0.00M | Scene, ViewLayer | Synchronizing object | North ashlar.041
Fra:1 Mem:50.04M (Peak 50.07M) | Time:00:00.10 | Mem:0.00M, Peak:0.00M | Scene, ViewLayer | Synchronizing object | North ashlar.043
Fra:1 Mem:50.04M (Peak 50.07M) | Time:00:00.10 | Mem:0.00M, Peak:0.00M | Scene, ViewLayer | Synchronizing object | West ashlar.016
Fra:1 Mem:50.04M (Peak 50.07M) | Time:00:00.10 | Mem:0.00M, Peak:0.00M | Scene, ViewLayer | Synchronizing object | Lantern base
Fra:1 Mem:50.03M (Peak 50.07M) | Time:00:00.10 | Mem:0.00M, Peak:0.00M | Scene, ViewLayer | Synchronizing object | North ashlar.045
Fra:1 Mem:50.04M (Peak 50.07M) | Time:00:00.10 | Mem:0.00M, Peak:0.00M | Scene, ViewLayer | Synchronizing object | North ashlar.046
Fra:1 Mem:50.04M (Peak 50.07M) | Time:00:00.10 | Mem:0.00M, Peak:0.00M | Scene, ViewLayer | Synchronizing object | North ashlar.047
Fra:1 Mem:50.04M (Peak 50.07M) | Time:00:00.10 | Mem:0.00M, Peak:0.00M | Scene, ViewLayer | Synchronizing object | North ashlar.048
Fra:1 Mem:50.03M (Peak 50.07M) | Time:00:00.10 | Mem:0.00M, Peak:0.00M | Scene, ViewLayer | Synchronizing object | North ashlar.050
Fra:1 Mem:50.03M (Peak 50.07M) | Time:00:00.10 | Mem:0.00M, Peak:0.00M | Scene, ViewLayer | Synchronizing object | North ashlar.052
Fra:1 Mem:50.04M (Peak 50.07M) | Time:00:00.10 | Mem:0.00M, Peak:0.00M | Scene, ViewLayer | Synchronizing object | West ashlar.020
Fra:1 Mem:50.03M (Peak 50.07M) | Time:00:00.10 | Mem:0.00M, Peak:0.00M | Scene, ViewLayer | Synchronizing object | West ashlar.021
Fra:1 Mem:50.04M (Peak 50.07M) | Time:00:00.10 | Mem:0.00M, Peak:0.00M | Scene, ViewLayer | Synchronizing object | West ashlar.022
Fra:1 Mem:50.04M (Peak 50.07M) | Time:00:00.10 | Mem:0.00M, Peak:0.00M | Scene, ViewLayer | Synchronizing object | North ashlar.055
Fra:1 Mem:50.04M (Peak 50.07M) | Time:00:00.10 | Mem:0.00M, Peak:0.00M | Scene, ViewLayer | Synchronizing object | North ashlar.056
Fra:1 Mem:50.04M (Peak 50.07M) | Time:00:00.10 | Mem:0.00M, Peak:0.00M | Scene, ViewLayer | Synchronizing object | North ashlar.057
Fra:1 Mem:50.03M (Peak 50.07M) | Time:00:00.10 | Mem:0.00M, Peak:0.00M | Scene, ViewLayer | Synchronizing object | North ashlar.059
Fra:1 Mem:50.03M (Peak 50.07M) | Time:00:00.10 | Mem:0.00M, Peak:0.00M | Scene, ViewLayer | Synchronizing object | North ashlar.060
Fra:1 Mem:50.04M (Peak 50.07M) | Time:00:00.10 | Mem:0.00M, Peak:0.00M | Scene, ViewLayer | Synchronizing object | North ashlar.061
Fra:1 Mem:50.04M (Peak 50.07M) | Time:00:00.10 | Mem:0.00M, Peak:0.00M | Scene, ViewLayer | Synchronizing object | West ashlar.024
Fra:1 Mem:50.03M (Peak 50.07M) | Time:00:00.10 | Mem:0.00M, Peak:0.00M | Scene, ViewLayer | Synchronizing object | West ashlar.025
Fra:1 Mem:50.03M (Peak 50.07M) | Time:00:00.10 | Mem:0.00M, Peak:0.00M | Scene, ViewLayer | Synchronizing object | West ashlar.026
Fra:1 Mem:50.03M (Peak 50.07M) | Time:00:00.10 | Mem:0.00M, Peak:0.00M | Scene, ViewLayer | Synchronizing object | West ashlar.027
Fra:1 Mem:50.04M (Peak 50.07M) | Time:00:00.10 | Mem:0.00M, Peak:0.00M | Scene, ViewLayer | Synchronizing object | North ashlar.064
Fra:1 Mem:50.03M (Peak 50.07M) | Time:00:00.10 | Mem:0.00M, Peak:0.00M | Scene, ViewLayer | Synchronizing object | North ashlar.065
Fra:1 Mem:50.03M (Peak 50.07M) | Time:00:00.10 | Mem:0.00M, Peak:0.00M | Scene, ViewLayer | Synchronizing object | North ashlar.067
Fra:1 Mem:50.04M (Peak 50.07M) | Time:00:00.10 | Mem:0.00M, Peak:0.00M | Scene, ViewLayer | Synchronizing object | North ashlar.068
Fra:1 Mem:50.04M (Peak 50.07M) | Time:00:00.10 | Mem:0.00M, Peak:0.00M | Scene, ViewLayer | Synchronizing object | North ashlar.069
Fra:1 Mem:50.03M (Peak 50.07M) | Time:00:00.10 | Mem:0.00M, Peak:0.00M | Scene, ViewLayer | Synchronizing object | West ashlar.028
Fra:1 Mem:50.03M (Peak 50.07M) | Time:00:00.10 | Mem:0.00M, Peak:0.00M | Scene, ViewLayer | Synchronizing object | West ashlar.029
Fra:1 Mem:50.03M (Peak 50.07M) | Time:00:00.10 | Mem:0.00M, Peak:0.00M | Scene, ViewLayer | Synchronizing object | West ashlar.031
Fra:1 Mem:50.04M (Peak 50.07M) | Time:00:00.10 | Mem:0.00M, Peak:0.00M | Scene, ViewLayer | Synchronizing object | North ashlar.072
Fra:1 Mem:50.04M (Peak 50.07M) | Time:00:00.10 | Mem:0.00M, Peak:0.00M | Scene, ViewLayer | Synchronizing object | North ashlar.074
Fra:1 Mem:50.04M (Peak 50.07M) | Time:00:00.10 | Mem:0.00M, Peak:0.00M | Scene, ViewLayer | Synchronizing object | North ashlar.075
Fra:1 Mem:50.03M (Peak 50.07M) | Time:00:00.10 | Mem:0.00M, Peak:0.00M | Scene, ViewLayer | Synchronizing object | North ashlar.076
Fra:1 Mem:50.04M (Peak 50.07M) | Time:00:00.10 | Mem:0.00M, Peak:0.00M | Scene, ViewLayer | Synchronizing object | North ashlar.077
Fra:1 Mem:50.03M (Peak 50.07M) | Time:00:00.10 | Mem:0.00M, Peak:0.00M | Scene, ViewLayer | Synchronizing object | North ashlar.079
Fra:1 Mem:50.03M (Peak 50.07M) | Time:00:00.10 | Mem:0.00M, Peak:0.00M | Scene, ViewLayer | Synchronizing object | North ashlar.080
Fra:1 Mem:50.04M (Peak 50.07M) | Time:00:00.10 | Mem:0.00M, Peak:0.00M | Scene, ViewLayer | Synchronizing object | Sconce bracket
Fra:1 Mem:50.04M (Peak 50.07M) | Time:00:00.10 | Mem:0.00M, Peak:0.00M | Scene, ViewLayer | Synchronizing object | West ashlar.032
Fra:1 Mem:50.04M (Peak 50.07M) | Time:00:00.10 | Mem:0.00M, Peak:0.00M | Scene, ViewLayer | Synchronizing object | West ashlar.033
Fra:1 Mem:50.03M (Peak 50.07M) | Time:00:00.10 | Mem:0.00M, Peak:0.00M | Scene, ViewLayer | Synchronizing object | West ashlar.034
Fra:1 Mem:50.04M (Peak 50.07M) | Time:00:00.10 | Mem:0.00M, Peak:0.00M | Scene, ViewLayer | Synchronizing object | West ashlar.035
Fra:1 Mem:50.03M (Peak 50.07M) | Time:00:00.10 | Mem:0.00M, Peak:0.00M | Scene, ViewLayer | Synchronizing object | West ashlar.036
Fra:1 Mem:50.03M (Peak 50.07M) | Time:00:00.10 | Mem:0.00M, Peak:0.00M | Scene, ViewLayer | Synchronizing object | North ashlar.081
Fra:1 Mem:50.03M (Peak 50.07M) | Time:00:00.10 | Mem:0.00M, Peak:0.00M | Scene, ViewLayer | Synchronizing object | North ashlar.083
Fra:1 Mem:50.04M (Peak 50.07M) | Time:00:00.10 | Mem:0.00M, Peak:0.00M | Scene, ViewLayer | Synchronizing object | North ashlar.084
Fra:1 Mem:50.04M (Peak 50.07M) | Time:00:00.10 | Mem:0.00M, Peak:0.00M | Scene, ViewLayer | Synchronizing object | North ashlar.086
Fra:1 Mem:50.04M (Peak 50.07M) | Time:00:00.10 | Mem:0.00M, Peak:0.00M | Scene, ViewLayer | Synchronizing object | North ashlar.088
Fra:1 Mem:50.03M (Peak 50.07M) | Time:00:00.10 | Mem:0.00M, Peak:0.00M | Scene, ViewLayer | Synchronizing object | North ashlar.089
Fra:1 Mem:50.04M (Peak 50.07M) | Time:00:00.10 | Mem:0.00M, Peak:0.00M | Scene, ViewLayer | Synchronizing object | Subtle damp boot mark.002
Fra:1 Mem:50.03M (Peak 50.07M) | Time:00:00.10 | Mem:0.00M, Peak:0.00M | Scene, ViewLayer | Synchronizing object | West ashlar.039
Fra:1 Mem:50.04M (Peak 50.07M) | Time:00:00.10 | Mem:0.00M, Peak:0.00M | Scene, ViewLayer | Synchronizing object | West ashlar.040
Fra:1 Mem:50.04M (Peak 50.07M) | Time:00:00.10 | Mem:0.00M, Peak:0.00M | Scene, ViewLayer | Synchronizing object | West ashlar.043
Fra:1 Mem:50.04M (Peak 50.07M) | Time:00:00.10 | Mem:0.00M, Peak:0.00M | Scene, ViewLayer | Synchronizing object | North capital
Fra:1 Mem:50.03M (Peak 50.07M) | Time:00:00.10 | Mem:0.00M, Peak:0.00M | Scene, ViewLayer | Synchronizing object | North pilaster.001
Fra:1 Mem:50.06M (Peak 50.07M) | Time:00:00.10 | Mem:0.00M, Peak:0.00M | Scene, ViewLayer | Synchronizing object | Subtle damp boot mark.001
Fra:1 Mem:50.10M (Peak 50.10M) | Time:00:00.10 | Mem:0.00M, Peak:0.00M | Scene, ViewLayer | Synchronizing object | Subtle damp boot mark
Fra:1 Mem:50.11M (Peak 50.12M) | Time:00:00.10 | Mem:0.00M, Peak:0.00M | Scene, ViewLayer | Synchronizing object | North pilaster.002
Fra:1 Mem:50.11M (Peak 50.12M) | Time:00:00.10 | Mem:0.00M, Peak:0.00M | Scene, ViewLayer | Synchronizing object | Boot wiping mat
Fra:1 Mem:50.18M (Peak 50.18M) | Time:00:00.10 | Mem:0.00M, Peak:0.00M | Scene, ViewLayer | Synchronizing object | North pilaster.003
Fra:1 Mem:50.15M (Peak 50.18M) | Time:00:00.10 | Mem:0.00M, Peak:0.00M | Scene, ViewLayer | Synchronizing object | North capital.003
Fra:1 Mem:50.18M (Peak 50.18M) | Time:00:00.10 | Mem:0.00M, Peak:0.00M | Scene, ViewLayer | Synchronizing object | North coping
Fra:1 Mem:50.17M (Peak 50.18M) | Time:00:00.10 | Mem:0.00M, Peak:0.00M | Scene, ViewLayer | Synchronizing object | West coping
Fra:1 Mem:50.19M (Peak 50.19M) | Time:00:00.10 | Mem:0.00M, Peak:0.00M | Scene, ViewLayer | Synchronizing object | East cutaway sill
Fra:1 Mem:50.19M (Peak 50.19M) | Time:00:00.10 | Mem:0.00M, Peak:0.00M | Scene, ViewLayer | Synchronizing object | South cutaway sill
Fra:1 Mem:50.18M (Peak 50.19M) | Time:00:00.10 | Mem:0.00M, Peak:0.00M | Scene, ViewLayer | Synchronizing object | Door jamb
Fra:1 Mem:50.21M (Peak 50.21M) | Time:00:00.10 | Mem:0.00M, Peak:0.00M | Scene, ViewLayer | Synchronizing object | Door jamb.001
Fra:1 Mem:50.30M (Peak 50.30M) | Time:00:00.10 | Mem:0.00M, Peak:0.00M | Scene, ViewLayer | Synchronizing object | Furled umbrella.002
Fra:1 Mem:50.32M (Peak 50.32M) | Time:00:00.10 | Mem:0.00M, Peak:0.00M | Scene, ViewLayer | Synchronizing object | Door lintel
Fra:1 Mem:50.34M (Peak 50.34M) | Time:00:00.10 | Mem:0.00M, Peak:0.00M | Scene, ViewLayer | Synchronizing object | Furled umbrella.001
Fra:1 Mem:50.33M (Peak 50.34M) | Time:00:00.10 | Mem:0.00M, Peak:0.00M | Scene, ViewLayer | Synchronizing object | Door rivet.002
Fra:1 Mem:50.30M (Peak 50.34M) | Time:00:00.10 | Mem:0.00M, Peak:0.00M | Scene, ViewLayer | Synchronizing object | Door rivet.003
Fra:1 Mem:50.32M (Peak 50.34M) | Time:00:00.10 | Mem:0.00M, Peak:0.00M | Scene, ViewLayer | Synchronizing object | Door rivet.005
Fra:1 Mem:50.32M (Peak 50.34M) | Time:00:00.10 | Mem:0.00M, Peak:0.00M | Scene, ViewLayer | Synchronizing object | Door rivet.007
Fra:1 Mem:50.36M (Peak 50.36M) | Time:00:00.10 | Mem:0.00M, Peak:0.00M | Scene, ViewLayer | Synchronizing object | Door rivet.008
Fra:1 Mem:50.35M (Peak 50.36M) | Time:00:00.10 | Mem:0.00M, Peak:0.00M | Scene, ViewLayer | Synchronizing object | Door rivet.009
Fra:1 Mem:50.35M (Peak 50.36M) | Time:00:00.10 | Mem:0.00M, Peak:0.00M | Scene, ViewLayer | Synchronizing object | Door rivet.010
Fra:1 Mem:50.38M (Peak 50.38M) | Time:00:00.10 | Mem:0.00M, Peak:0.00M | Scene, ViewLayer | Synchronizing object | Door rivet.011
Fra:1 Mem:50.40M (Peak 50.40M) | Time:00:00.10 | Mem:0.00M, Peak:0.00M | Scene, ViewLayer | Synchronizing object | Door rivet.013
Fra:1 Mem:50.38M (Peak 50.40M) | Time:00:00.10 | Mem:0.00M, Peak:0.00M | Scene, ViewLayer | Synchronizing object | Door hinge.001
Fra:1 Mem:50.38M (Peak 50.40M) | Time:00:00.10 | Mem:0.00M, Peak:0.00M | Scene, ViewLayer | Synchronizing object | Door wheel hub
Fra:1 Mem:50.39M (Peak 50.40M) | Time:00:00.10 | Mem:0.00M, Peak:0.00M | Scene, ViewLayer | Synchronizing object | Brass hand wheel
Fra:1 Mem:50.39M (Peak 50.40M) | Time:00:00.10 | Mem:0.00M, Peak:0.00M | Scene, ViewLayer | Synchronizing object | Service hatch face
Fra:1 Mem:50.40M (Peak 50.40M) | Time:00:00.10 | Mem:0.00M, Peak:0.00M | Scene, ViewLayer | Synchronizing object | Service ventilation slat
Fra:1 Mem:50.41M (Peak 50.41M) | Time:00:00.10 | Mem:0.00M, Peak:0.00M | Scene, ViewLayer | Synchronizing object | Umbrella stand dark interior
Fra:1 Mem:50.45M (Peak 50.45M) | Time:00:00.10 | Mem:0.00M, Peak:0.00M | Scene, ViewLayer | Synchronizing object | Service ventilation slat.002
Fra:1 Mem:50.45M (Peak 50.45M) | Time:00:00.10 | Mem:0.00M, Peak:0.00M | Scene, ViewLayer | Synchronizing object | Service ventilation slat.003
Fra:1 Mem:50.48M (Peak 50.48M) | Time:00:00.10 | Mem:0.00M, Peak:0.00M | Scene, ViewLayer | Synchronizing object | Service ventilation slat.004
Fra:1 Mem:50.48M (Peak 50.48M) | Time:00:00.10 | Mem:0.00M, Peak:0.00M | Scene, ViewLayer | Synchronizing object | Roster oak frame
Fra:1 Mem:50.50M (Peak 50.50M) | Time:00:00.10 | Mem:0.00M, Peak:0.00M | Scene, ViewLayer | Synchronizing object | Public service sheet
Fra:1 Mem:50.62M (Peak 50.62M) | Time:00:00.10 | Mem:0.00M, Peak:0.00M | Scene, ViewLayer | Synchronizing object | Umbrella stand
Fra:1 Mem:50.68M (Peak 50.68M) | Time:00:00.10 | Mem:0.00M, Peak:0.00M | Scene, ViewLayer | Synchronizing object | Mouthpiece dark opening
Fra:1 Mem:50.69M (Peak 50.69M) | Time:00:00.10 | Mem:0.00M, Peak:0.00M | Scene, ViewLayer | Synchronizing object | Speaking tube mouthpiece
Fra:1 Mem:50.70M (Peak 50.70M) | Time:00:00.10 | Mem:0.00M, Peak:0.00M | Scene, ViewLayer | Synchronizing object | Conduit bracket.003
Fra:1 Mem:50.71M (Peak 50.71M) | Time:00:00.10 | Mem:0.00M, Peak:0.00M | Scene, ViewLayer | Synchronizing object | Roster pin
Fra:1 Mem:50.72M (Peak 50.72M) | Time:00:00.10 | Mem:0.00M, Peak:0.00M | Scene, ViewLayer | Synchronizing object | Conduit bracket.002
Fra:1 Mem:50.69M (Peak 50.72M) | Time:00:00.10 | Mem:0.00M, Peak:0.00M | Scene, ViewLayer | Synchronizing object | Roster unlettered line
Fra:1 Mem:50.71M (Peak 50.72M) | Time:00:00.10 | Mem:0.00M, Peak:0.00M | Scene, ViewLayer | Synchronizing object | Conduit bracket.001
Fra:1 Mem:50.68M (Peak 50.72M) | Time:00:00.10 | Mem:0.00M, Peak:0.00M | Scene, ViewLayer | Synchronizing object | Roster unlettered line.003
Fra:1 Mem:50.71M (Peak 50.72M) | Time:00:00.10 | Mem:0.00M, Peak:0.00M | Scene, ViewLayer | Synchronizing object | Roster pin.001
Fra:1 Mem:50.69M (Peak 50.72M) | Time:00:00.10 | Mem:0.00M, Peak:0.00M | Scene, ViewLayer | Synchronizing object | Roster unlettered line.005
Fra:1 Mem:50.70M (Peak 50.72M) | Time:00:00.10 | Mem:0.00M, Peak:0.00M | Scene, ViewLayer | Synchronizing object | Roster unlettered line.006
Fra:1 Mem:50.67M (Peak 50.72M) | Time:00:00.10 | Mem:0.00M, Peak:0.00M | Scene, ViewLayer | Synchronizing object | Roster unlettered line.009
Fra:1 Mem:50.68M (Peak 50.72M) | Time:00:00.10 | Mem:0.00M, Peak:0.00M | Scene, ViewLayer | Synchronizing object | Roster pin.002
Fra:1 Mem:50.69M (Peak 50.72M) | Time:00:00.10 | Mem:0.00M, Peak:0.00M | Scene, ViewLayer | Synchronizing object | Roster unlettered line.011
Fra:1 Mem:50.69M (Peak 50.72M) | Time:00:00.10 | Mem:0.00M, Peak:0.00M | Scene, ViewLayer | Synchronizing object | Roster unlettered line.012
Fra:1 Mem:50.69M (Peak 50.72M) | Time:00:00.10 | Mem:0.00M, Peak:0.00M | Scene, ViewLayer | Synchronizing object | Conduit bracket
Fra:1 Mem:50.69M (Peak 50.72M) | Time:00:00.10 | Mem:0.00M, Peak:0.00M | Scene, ViewLayer | Synchronizing object | Public service sheet.003
Fra:1 Mem:50.69M (Peak 50.72M) | Time:00:00.10 | Mem:0.00M, Peak:0.00M | Scene, ViewLayer | Synchronizing object | Roster pin.003
Fra:1 Mem:50.71M (Peak 50.72M) | Time:00:00.10 | Mem:0.00M, Peak:0.00M | Scene, ViewLayer | Synchronizing object | Roster unlettered line.015
Fra:1 Mem:50.71M (Peak 50.72M) | Time:00:00.10 | Mem:0.00M, Peak:0.00M | Scene, ViewLayer | Synchronizing object | Roster unlettered line.016
Fra:1 Mem:50.71M (Peak 50.72M) | Time:00:00.10 | Mem:0.00M, Peak:0.00M | Scene, ViewLayer | Synchronizing object | Roster unlettered line.017
Fra:1 Mem:50.71M (Peak 50.72M) | Time:00:00.10 | Mem:0.00M, Peak:0.00M | Scene, ViewLayer | Synchronizing object | Roster unlettered line.018
Fra:1 Mem:50.71M (Peak 50.72M) | Time:00:00.10 | Mem:0.00M, Peak:0.00M | Scene, ViewLayer | Synchronizing object | Roster unlettered line.019
Fra:1 Mem:50.71M (Peak 50.72M) | Time:00:00.10 | Mem:0.00M, Peak:0.00M | Scene, ViewLayer | Synchronizing object | Roster pin.004
Fra:1 Mem:50.73M (Peak 50.73M) | Time:00:00.10 | Mem:0.00M, Peak:0.00M | Scene, ViewLayer | Synchronizing object | Roster unlettered line.020
Fra:1 Mem:50.71M (Peak 50.73M) | Time:00:00.10 | Mem:0.00M, Peak:0.00M | Scene, ViewLayer | Synchronizing object | Roster unlettered line.022
Fra:1 Mem:50.71M (Peak 50.73M) | Time:00:00.10 | Mem:0.00M, Peak:0.00M | Scene, ViewLayer | Synchronizing object | Roster unlettered line.029
Fra:1 Mem:50.71M (Peak 50.73M) | Time:00:00.10 | Mem:0.00M, Peak:0.00M | Scene, ViewLayer | Synchronizing object | Public service sheet.005
Fra:1 Mem:50.71M (Peak 50.73M) | Time:00:00.10 | Mem:0.00M, Peak:0.00M | Scene, ViewLayer | Synchronizing object | Roster pin.005
Fra:1 Mem:50.71M (Peak 50.73M) | Time:00:00.10 | Mem:0.00M, Peak:0.00M | Scene, ViewLayer | Synchronizing object | Roster unlettered line.026
Fra:1 Mem:50.71M (Peak 50.73M) | Time:00:00.10 | Mem:0.00M, Peak:0.00M | Scene, ViewLayer | Synchronizing object | Roster unlettered line.027
Fra:1 Mem:50.71M (Peak 50.73M) | Time:00:00.10 | Mem:0.00M, Peak:0.00M | Scene, ViewLayer | Synchronizing object | Roster unlettered line.028
Fra:1 Mem:50.71M (Peak 50.73M) | Time:00:00.10 | Mem:0.00M, Peak:0.00M | Scene, ViewLayer | Initializing
Fra:1 Mem:37.85M (Peak 50.73M) | Time:00:00.11 | Mem:0.00M, Peak:0.00M | Scene, ViewLayer | Waiting for render to start
Fra:1 Mem:37.85M (Peak 50.73M) | Time:00:00.11 | Mem:0.00M, Peak:0.00M | Scene, ViewLayer | Updating Scene
Fra:1 Mem:37.85M (Peak 50.73M) | Time:00:00.11 | Mem:0.00M, Peak:0.00M | Scene, ViewLayer | Updating Shaders
Fra:1 Mem:37.85M (Peak 50.73M) | Time:00:00.11 | Mem:0.00M, Peak:0.00M | Scene, ViewLayer | Loading render kernels (may take a few minutes the first time)
Fra:1 Mem:37.94M (Peak 65.02M) | Time:00:00.22 | Mem:0.01M, Peak:0.01M | Scene, ViewLayer | Updating Procedurals
Fra:1 Mem:37.94M (Peak 65.02M) | Time:00:00.22 | Mem:0.01M, Peak:0.01M | Scene, ViewLayer | Updating Background
Fra:1 Mem:37.94M (Peak 65.02M) | Time:00:00.22 | Mem:0.01M, Peak:0.01M | Scene, ViewLayer | Updating Camera
Fra:1 Mem:37.94M (Peak 65.02M) | Time:00:00.22 | Mem:0.01M, Peak:0.01M | Scene, ViewLayer | Updating Meshes Flags
Fra:1 Mem:37.94M (Peak 65.02M) | Time:00:00.22 | Mem:0.01M, Peak:0.01M | Scene, ViewLayer | Updating Objects
Fra:1 Mem:37.94M (Peak 65.02M) | Time:00:00.22 | Mem:0.01M, Peak:0.01M | Scene, ViewLayer | Updating Objects | Copying Transformations to device
Fra:1 Mem:38.03M (Peak 65.02M) | Time:00:00.22 | Mem:0.10M, Peak:0.10M | Scene, ViewLayer | Updating Particle Systems
Fra:1 Mem:38.03M (Peak 65.02M) | Time:00:00.22 | Mem:0.10M, Peak:0.10M | Scene, ViewLayer | Updating Particle Systems | Copying Particles to device
Fra:1 Mem:38.03M (Peak 65.02M) | Time:00:00.22 | Mem:0.10M, Peak:0.10M | Scene, ViewLayer | Updating Meshes
Fra:1 Mem:38.03M (Peak 65.02M) | Time:00:00.22 | Mem:0.10M, Peak:0.10M | Scene, ViewLayer | Updating Objects | Applying Static Transformations
Fra:1 Mem:38.03M (Peak 65.02M) | Time:00:00.22 | Mem:0.10M, Peak:0.10M | Scene, ViewLayer | Updating Mesh | Computing attributes
Fra:1 Mem:38.89M (Peak 65.02M) | Time:00:00.22 | Mem:0.12M, Peak:0.12M | Scene, ViewLayer | Updating Mesh | Copying Attributes to device
Fra:1 Mem:38.85M (Peak 65.02M) | Time:00:00.22 | Mem:0.91M, Peak:0.91M | Scene, ViewLayer | Updating Scene BVH | Building
Fra:1 Mem:38.85M (Peak 65.02M) | Time:00:00.22 | Mem:0.91M, Peak:0.91M | Scene, ViewLayer | Updating Scene BVH | Building BVH
Fra:1 Mem:41.16M (Peak 65.02M) | Time:00:00.24 | Mem:0.91M, Peak:0.91M | Scene, ViewLayer | Updating Scene BVH | Packing BVH triangles and strands
Fra:1 Mem:41.31M (Peak 65.02M) | Time:00:00.24 | Mem:0.91M, Peak:0.91M | Scene, ViewLayer | Updating Scene BVH | Packing BVH nodes
Fra:1 Mem:41.53M (Peak 65.02M) | Time:00:00.24 | Mem:0.91M, Peak:0.91M | Scene, ViewLayer | Updating Scene BVH | Copying BVH to device
Fra:1 Mem:41.53M (Peak 65.02M) | Time:00:00.25 | Mem:2.25M, Peak:2.25M | Scene, ViewLayer | Updating Mesh | Computing normals
Fra:1 Mem:43.72M (Peak 65.02M) | Time:00:00.25 | Mem:2.25M, Peak:2.25M | Scene, ViewLayer | Updating Mesh | Copying Mesh to device
Fra:1 Mem:43.72M (Peak 65.02M) | Time:00:00.25 | Mem:4.44M, Peak:4.44M | Scene, ViewLayer | Updating Objects Flags
Fra:1 Mem:43.72M (Peak 65.02M) | Time:00:00.25 | Mem:4.44M, Peak:4.44M | Scene, ViewLayer | Updating Primitive Offsets
Fra:1 Mem:43.73M (Peak 65.02M) | Time:00:00.25 | Mem:4.44M, Peak:4.44M | Scene, ViewLayer | Updating Images
Fra:1 Mem:43.73M (Peak 65.02M) | Time:00:00.25 | Mem:4.44M, Peak:4.44M | Scene, ViewLayer | Updating Images | Loading harbor-limestone.png
Fra:1 Mem:44.73M (Peak 65.02M) | Time:00:00.25 | Mem:4.44M, Peak:4.44M | Scene, ViewLayer | Updating Images | Loading tidal-brass.png
Fra:1 Mem:45.74M (Peak 65.02M) | Time:00:00.26 | Mem:6.44M, Peak:6.44M | Scene, ViewLayer | Updating Camera Volume
Fra:1 Mem:45.74M (Peak 65.02M) | Time:00:00.26 | Mem:6.44M, Peak:6.44M | Scene, ViewLayer | Updating Lookup Tables
Fra:1 Mem:45.74M (Peak 65.02M) | Time:00:00.26 | Mem:6.53M, Peak:6.53M | Scene, ViewLayer | Updating Lights
Fra:1 Mem:45.74M (Peak 65.02M) | Time:00:00.26 | Mem:6.53M, Peak:6.53M | Scene, ViewLayer | Updating Lights | Computing tree
Fra:1 Mem:45.74M (Peak 65.02M) | Time:00:00.26 | Mem:6.53M, Peak:6.53M | Scene, ViewLayer | Updating Integrator
Fra:1 Mem:45.74M (Peak 65.02M) | Time:00:00.26 | Mem:6.53M, Peak:6.53M | Scene, ViewLayer | Updating Film
Fra:1 Mem:45.74M (Peak 65.02M) | Time:00:00.26 | Mem:6.45M, Peak:6.53M | Scene, ViewLayer | Updating Lookup Tables
Fra:1 Mem:45.74M (Peak 65.02M) | Time:00:00.26 | Mem:6.53M, Peak:6.53M | Scene, ViewLayer | Updating Baking
Fra:1 Mem:45.74M (Peak 65.02M) | Time:00:00.26 | Mem:6.53M, Peak:6.53M | Scene, ViewLayer | Updating Device | Writing constant memory
Fra:1 Mem:45.75M (Peak 65.02M) | Time:00:00.26 | Mem:6.53M, Peak:6.53M | Scene, ViewLayer | Loading denoising kernels (may take a few minutes the first time)
Fra:1 Mem:53.45M (Peak 65.02M) | Time:00:00.28 | Mem:683.04M, Peak:683.04M | Scene, ViewLayer | Sample 0/48
Fra:1 Mem:192.61M (Peak 192.61M) | Time:00:00.32 | Remaining:00:01.71 | Mem:822.21M, Peak:822.21M | Scene, ViewLayer | Sample 1/48
Fra:1 Mem:251.21M (Peak 339.10M) | Time:00:05.97 | Mem:822.21M, Peak:822.21M | Scene, ViewLayer | Sample 48/48
Fra:1 Mem:251.21M (Peak 339.10M) | Time:00:05.97 | Mem:822.21M, Peak:822.21M | Scene, ViewLayer | Finished
Saved: 'C:\Users\Hermes\Projects\Operator Special Forces Dungeon and Dragons\campaigns\the-unwritten-coast\discovery-atlas\art\architecture\r01-low-cutaway.png'
Time: 00:06.21 (Saving: 00:00.16)

RENDER_DEVICE GPU
Info: Saved as "r01-brass-vestibule.blend"
R01_ARCHITECTURE_COMPLETE

Blender quit
